章番号,問題番号,分類名称,問題文,選択肢１,選択肢２,選択肢３,選択肢４,選択肢５,解答番号,解答,解説
SECT001,Q0010,宅建業・宅建業者とは,農業協同組合Cが、所有宅地を10区画に分割し、倉庫の用に供する目的で、不特定多数に継続して販売する場合、Cは免許を受ける必要はない。,正しい,正しくない,-,-,-,2,正しくない,建物を建てる目的で取引される土地は宅地にあたる。Cは、宅地を不特定多数に継続して販売しているので、免許を受ける必要がある。
SECT001,Q0020,宅建業・宅建業者とは,Aが、その所有する農地を区画割して宅地に転用したうえで、一括して宅地建物取引業者Bに媒介を依頼して、不特定多数のものに対して売却する場合、Aは免許を必要としない。,正しい,正しくない,-,-,-,2,正しくない,Aは複数の宅地を不特定多数の者に対して売却しているので、その行為は宅建業にあたり、免許を必要とする。このことは、宅建業者に一括して媒介を依頼していても変わりがない。なぜなら、宅建業者に媒介を依頼しても、買主と売買契約を締結するのは依頼者本人だからである。
SECT001,Q0030,宅建業・宅建業者とは,Aが、競売により取得した宅地を10区画に分割し、宅地建物取引業者に販売代理を依頼して、不特定多数の者に分譲する場合、Aは免許を受ける必要はない。,正しい,正しくない,-,-,-,2,正しくない,Aが宅建業者に分譲の代理を依頼しても、法律的には、Aが自ら分譲をしたことになる。従って、Aは、宅地を不特定多数の者に分譲(宅地を不特定多数の者に反復継続して売却)しているので、免許を受ける必要がある。
SECT001,Q0040,宅建業・宅建業者とは,Bが、自己所有の宅地に自ら貸主となる賃貸マンションを建設し、借主の募集及び契約をCに、当該マンションの管理業務をDに委託する場合、Cは免許を受ける必要があるが、BとDは免許を受ける必要はない。,正しい,正しくない,-,-,-,1,正しい,Cは、借主の募集及び契約を委託されているので、貸借の代理を行うことになり、免許を受ける必要がある。これに対し、自ら貸借を行う(貸主または借主になる)ことやマンションの管理業務は宅建業にはあたらないので、BとDは免許を受ける必要はない。
SECT001,Q0050,宅建業・宅建業者とは,他人の所有する複数の建物を借り上げ、その建物を自ら貸主として不特定多数の者に反復継続して転貸する場合は、免許が必要となるが、自ら所有する建物を貸借する場合は、免許を必要としない。,正しい,正しくない,-,-,-,2,正しくない,自ら貸借を行うことは宅建業に当たらない。従って他人の所有する複数の建物を借りることや、その建物を自ら貸主として転貸することは宅建業にあたらず、免許は不要である。なお、本問の後半も自ら貸借にあたり、免許は不要である。
SECT001,Q0060,宅建業・宅建業者とは,農地所有者が、その所有する農地を宅地に転用して売却しようとするときに、その販売代理の依頼を受ける農業共同組合は、これを業として営む場合であっても、免許を必要としない。,正しい,正しくない,-,-,-,2,正しくない,宅地の販売の代理を業として営むことは宅建業にあたり、免許が必要である。このことは、農業協同組合が行う場合でも変わらない。
SECT001,Q0070,宅建業・宅建業者とは,破産管財人が、破産財団の換価のために自ら売主となり、宅地又は建物の売却を反復継続して行う場合において、その媒介を業として営む者は、免許を必要としない。,正しい,正しくない,-,-,-,2,正しくない,宅地または建物の売却の媒介を業として営むことは宅建業にあたり、免許が必要である。このことは、破産管財人が破産財団の換価のために行う売却(債権者に配当する財産をつくるために、破産者の財産を売却すること)の媒介をする場合でも変わりがない。
SECT001,Q0080,宅建業・宅建業者とは,信託業法第3条の免許を受けた信託会社が宅地建物取引業を営もうとする場合、免許を取得する必要はないが、その旨を国土交通大臣に届け出ることが必要である。,正しい,正しくない,-,-,-,1,正しい,信託会社は、宅建業を営む場合でも、宅建業の免許を受ける必要はない。ただし、宅建業を営む旨を国土交通大臣に届け出る必要がある。
SECT001,Q0090,宅建業・宅建業者とは,宅地建物取引業者であるE(個人)が死亡し、その相続人FがEの所有していた土地を20区画に区画割りし、不特定多数の者に宅地として分譲する場合、Fは免許を受ける必要はない。,正しい,正しくない,-,-,-,2,正しくない,宅建業者の免許が失効したり取り消されたりした場合であっても、その宅建業者や一般承継人(相続人、合併でできた会社)は、その宅建業者が締結した契約に基づく取引をする目的の範囲内においては宅建業者とみなされる。しかし、Fは、新たに宅地の分譲をしているので、上記の場合にあたらず、免許を受ける必要がある。
SECT002,Q0100,免許の申請、免許の基準,甲県に本店を、乙県に支店をそれぞれ有するA社が、乙県の支店でのみ宅地建物取引業を営もうとするときは、A社は、乙県知事の免許を受けなければならない。,正しい,正しくない,-,-,-,2,正しくない,本店は、そこで宅建業を営んでいなくても事務所にあたる。したがって、A社は、甲県内(本店)と乙県内(支店)に事務所を有している。そして、2以上の都道府県に事務所を設けて宅建業を営もうとする者は、の免許を受けなければならない。従って「乙県知事」とする本問は誤り。
SECT002,Q0110,免許の申請、免許の基準,宅地建物取引業に係る営業に関し成年者と同一の行為能力を有する未成年者Dは、その法定代理人が禁錮以上の刑に処せられ、その刑の執行が終わった日から5年を経過しなければ、免許を受けることができない。,正しい,正しくない,-,-,-,2,正しくない,成年者と同一の行為能力を未成年者は未成年者自身または法定代理人(法人の場合、その役員を含む)が欠格要件に該当する場合は、免許を受けることができない。しかし、Dは成年者と同一の行為能力を有する未成年者なので、法定代理人が欠格要件に該当することは、関係がない。
SECT002,Q0120,免許の申請、免許の基準,法人Aの役員のうちに、破産手続開始の決定がなされた後、復権を得手から５年を経過しない者がいる場合、Aは免許を受けることができない。,正しい,正しくない,-,-,-,2,正しくない,破産者で復権を得ていない者は欠格要件に該当するが、復権を得ればすぐに欠格要件に該当しなくなる。Aの役員は復権を得ているので欠格要件にあたらず、Aは免許を受けることができる。
SECT002,Q0130,免許の申請、免許の基準,宅地建物取引業者C社が業務停止処分に違反したとして、免許を取り消され、その取消しの非から5年を経過していない場合、C社は免許を受けることができない。,正しい,正しくない,-,-,-,1,正しい,不正の手段により宅建業の免許を受けた場合、業務停止自由に該当し、情状が特に重い場合、業務停止処分に違反した場合のいずれかに該当することにより免許を取り消された者は、取消しの日から5年間、免許を受けることができない。
SECT002,Q0140,免許の申請、免許の基準,宅地建物取引業者A社は、取締役Bが道路交通法に違反し、懲役1年執行猶予3年の刑に処せられたため、免許取消処分を受けた。Bが取締役を退任した後、A社は改めて免許申請をしてもBの執行猶予期間が経過するまでは免許を受けることができない。,正しい,正しくない,-,-,-,2,正しくない,執行猶予付きの禁錮以上の刑を受け、その執行猶予期間が経過していない者は免許欠格要件にあたり、そのような者を役員や政令で定める使用人にしている法人は免許を受けることができない。しかし、本問のBはもはやA社の役員ではないので、A社はBの執行猶予機関が満了するまでの間であっても免許を受けることができる。
SECT002,Q0150,免許の申請、免許の基準,B社は不正の手段により免許を取得したとして甲県知事から円居を取り消されたが、B社の取締役Cは、当該取消に係る聴聞の期日及び場所の公示の日の30日前にB社の取締役を退任した。B社の免許取消の非から5年を経過していない場合、Cは免許を受けることができない。,正しい,正しくない,-,-,-,1,正しい,不正の手段により免許を取得したとして、法人が免許を取り消された場合、その取消しに係る聴聞の期日および場所の公示の前60日以内にその法人の役員であった者は、取消しの日から5年間免許を受けることができない。
SECT002,Q0160,免許の申請、免許の基準,宅地建物取引業者Cは、業務停止処分の聴聞の期日及び場所が公示された日から当該処分をする日又は当該処分をしないことを決定する日までの間に、相当の理由なく廃業の届出を行った。この場合、Cは、当該届出の日から5年を経過しなければ、免許を受けることができない。,正しい,正しくない,-,-,-,2,正しくない,免許の不正取得等の理由で免許取消処分の聴聞の期日及び場所が公示された日から、その処分をする日またはその処分をしないことを決定する日までの間に相当の理由なく廃業・解散の届出をした者は、届出の日から5年間免許を受けることができない。しかし、Cは業務停止処分の聴間の公示をされてるので、これに該当しない。
SECT002,Q0170,免許の申請、免許の基準,D社の取締役が、刑法第159条(私文書偽造)の罪を犯し、地方裁判所で懲役2年の判決を言い渡されたが、この判決に対して高等裁判所に控訴して現在裁判が係属中である。この場合、D社は免許を受けることができない。,正しい,正しくない,-,-,-,2,正しくない,刑に処せられたとは、刑が確定したことをいう。高等裁判所に控訴して裁判が係属中の倍には、刑が確定していないので、その時点では欠格要件に該当しない。
SECT002,Q0180,免許の申請、免許の基準,免許を受けようとするA社に、刑法第204条(傷害)の罪により懲役1年(執行猶予2年)の刑に処せられ、その刑の執行猶予期間を満了した者が役員として在籍している場合、その満了の日から5年を経過していなくとも、A社は免許を受けることができる。,正しい,正しくない,-,-,-,1,正しい,禁全国以上の刑に処せられた場合、免許の欠格要件にあたる。ただし、執行猶予付の場合、執行猶予期間が|́すれば欠格要件にあたらなくなる。A社の役員は執行猶予期間を満了しているので欠格要件にあたらず、A社は免許を受けることができる。
SECT002,Q0190,免許の申請、免許の基準,法人Bの役員のうちに、宅地建物取引業法の規定に違反したことにより、罰金の刑に処され、その慶野執行が終わった日から5年を経過したい者がいる場合、Bは、免許を受けることができない。,正しい,正しくない,-,-,-,1,正しい,宅建業法の規定に違反して罰金刑に処せられた者は、刑の執行を終え、または刑の執行を受けることがなくなった日から5年間、欠格要件に該当する。したがって、そのような者を役員としているBは免許を受けることができない。
SECT002,Q0200,免許の申請、免許の基準,社の役員のうちに、指定暴力団の構成員がいた場合、暴力団員による不当な行為の防止等に関する法律の規定に違反していなくても、F社は免許を受けることができない。,正しい,正しくない,-,-,-,1,正しい,免許を受けようとする者やその役員・政令で定める使用人が暴力団の構成員である場合は、宅建業に関し不正または不誠実な行為をするおそれが明釦らかな者にあたり、免許を受けることができない。
SECT002,Q0210,免許の申請、免許の基準,免許を受けようとするD社に、刑法第209条(過失傷害)の罪より科料の刑に処せられた者が非常勤役員として在籍している場合、その刑の執行が終わってから5年を経過していなければ、D社は免許を受けることができない。,正しい,正しくない,-,-,-,2,正しくない,科料は、罰金よりも軽い刑であり、科料に処せられたことは欠格要件に該当しない。従って、D社の役員が科料に処せられても、D社は免許を受けることができる。
SECT003,Q0220,免許の効果等,宅地建物取引業を営もうとする者が、国土交通大臣又は都道府県知事から免許を受けた場合、その有効期間は、国土交通大臣から免許を受けたときは5年、都道府県知事から免許を受けたときは3年である。,正しい,正しくない,-,-,-,2,正しくない,"宅建業の免許の有効期間は、国土交通大臣免許と□□都道府県知事免許のどちらであるかに関係なく
年間である。"
SECT003,Q0230,免許の効果等,法人である宅地建物取引業者A(甲県知事免許)は、役員の住所について変更があった場合、その日から30日以内に、その旨を甲県知事に届け出なければならない。,正しい,正しくない,-,-,-,2,正しくない,宅建業者は、その役員の指名に変更があったときは、３０日以内に免許権者に届け出なければならない(変更の届出)。しかし、本問は、役員の住所の変更なので、変更の届出をする必要はない。
SECT003,Q0240,免許の効果等,宅地建物取引業者D(丙県知事免許)は、建設業の許可を受けて新たに建設業を営むこととなった場合、Dは当該許可を受けた日から30日以内に、その旨を丙県知事に届け出なければならない。,正しい,正しくない,-,-,-,2,正しくない,宅建業以外に行っている事業の種類は、宅建業者名簿には記載されるが、変更の届出の対象自由に含まれていない。
SECT003,Q0250,免許の効果等,免許の更新を受けようとする宅地建物取引業者Bは、免許の有効期間満了の日の2週間前までに、免許申請書を提出しなければならない。,正しい,正しくない,-,-,-,2,正しくない,免許の更新を受けようとする者は、有効期間満了の日の90日前から30日前までに免許申請書を提出しなければならない。
SECT003,Q0260,免許の効果等,宅地建物取引業者Cが、免許の更新の申請をしたにもかかわらず、従前の免許の有効期間の満了の日までに、その申請について処分がなされないときは、従前の免許は、有効期間の満了後もその処分がなされるまでの間は、なお効力を有する。,正しい,正しくない,-,-,-,1,正しい,宅建業者が免許の更新申請をしたにもかかわらず、従前の免許の有効期間の満了の日までに、その申請について処分がなされないときは、従前尾免許は、有効期間の満了後もその処分がなされるまでの間は、効力を有する。つまり、新たな免許を与えるかどうかで決まるまで、前の免許の有効期間が伸びるのである。
SECT003,Q0270,免許の効果等,社(国土交通大臣免許)は、甲県に本店、乙県に支店を設置している。Aは、乙県の支店を廃止し、本店を含むすべての事務所を甲県内にのみ設置して事業を営むこととした場合、甲県知事へ免許換えの申請をしなければならない。,正しい,正しくない,-,-,-,1,正しい,国土交通大臣の免許を受けた者が、1つの都道府県内にのみ事務所を有することとなったときは、その都道府県の知事の免許を受けなければならない(免許換え)。A社は、甲県内にのみ事務所を有することになるので、甲県知事へ免許換えの申請をしなければならない。
SECT003,Q0280,免許の効果等,宅地建物取引業者D(丙県知事免許)は、丁県内で一団の建物の分譲を行う案内所を設置し、当該案内所において建物の売買契約を締結する場合、国土交通大臣へ免許換えの申請をしなければならない。,正しい,正しくない,-,-,-,2,正しくない,誰の免許を受けるべきかは、事務所の場所で決まり、案内所は関係ない。したがって、案内所を設置しても、免許換えの申請は必要ない。
SECT003,Q0290,免許の効果等,宅地建物取引業者個人A(甲県知事免許)が死亡した場合、Aの相続人は、Aの死亡の日から30日以内に、その旨を甲県知事に届け出なければならない。,正しい,正しくない,-,-,-,2,正しくない,宅建業者が死亡した場合、その相続人は、死亡の事実を知った日から30日以内に、免許権者に届け出なければならない(廃業等の届出)。死亡の日からではない。
SECT003,Q0300,免許の効果等,宅地建物取引業者G社(甲県知事免許)は、宅地建物取引業者H社(国土交通大臣免許)に吸収合併され、消滅した。この場合、H社を代表する役員|は、当該合併の日から30日以内にG社が消滅したことを国土交通大臣に届け出なければならない。,正しい,正しくない,-,-,-,2,正しくない,法人が合併により消滅した場合、その合併消滅した法人を代表する役員であった者は、30日以内に免許権者に届け出なければならない(廃業等の届出)。本問では「H社を代表する役員|」ではなく、G社を代表する役員であった者である。
SECT003,Q0310,免許の効果等,免許を受けている個人Aが死亡した場合、相続人にAの免許は承継されないが、相続人は、Aが生前に締結した契約に基づく取引を結了するための業務を行うことができるので、当該業務が終了した後に廃業届を提出すればよい。,正しい,正しくない,-,-,-,2,正しくない,宅建業者が死亡した場合、その相続人は、死亡の事実を知った日から30日以内に、免許権者に届け出なければならない(廃業等の届出)。従って、「業務が終了した後に廃業届を提出すればよい」とする本問は誤り。なお、免許が承継されない点と、相続人はAが生前に締結した契約に基づく取引を結了するための業務を行うことができる点は正しい。
SECT003,Q0320,免許の効果等,免許を受けている法人Bが免許を受けていない法人Cとの合併により消滅した場合、Cは、Bが消滅した日から30日以内に、Bを合併した旨の届出を行えば、Bが受けていた免許を承継することができる。,正しい,正しくない,-,-,-,2,正しくない,合併消滅した法人の免許を、存続する法人が承継できる旨の規定はない。なお、Bの役員であった者は、Bが消滅した日から30日以内にその旨を届け出なければならない(廃業等の届出)。
SECT003,Q0330,免許の効果等,宅地建物取引業者A社(甲県知事免許)について、破産手続き開始の決定があったとき、A社の免許は当然にその効力を失うため、A社の破産管財人Fは、その旨を甲県知事に届け出る必要はない。,正しい,正しくない,-,-,-,2,正しくない,宅建業者が破産手続開始の決定を受けた場合、破産管財人は、30日以内にその旨を免許権者に届け出なければならない(廃業等の届出)。免許の効力は届出時に失われる。「当然にその効力を失う」「届け出る必要はない」とする本問は誤り。
SECT004,Q0340,主任者登録,都道府県知事は、不正の手段によって宅地建物取引主任者資格試験を受けようとした者に対しては、その試験を受けることを禁止することができ、また、その禁止処分を受けた者に対し2年を上限とする期間を定めて受験を禁止することができる。,正しい,正しくない,-,-,-,2,正しくない,都道府県知事は、不正の手段によって宅建試験を受けようとした者に対して、その試験を受けることを禁止することができ、その禁止処分を受けた者に対して、3年以内の期間を定めて受験を禁止することができる。
SECT004,Q0350,主任者登録,Xは、甲県で行われた宅地建物取引主任者資格試験に合格した後、乙県に転居した。その後、登録実務講習を終了したときは、乙県知事に対し登録を申請することができる。,正しい,正しくない,-,-,-,2,正しくない,宅建試験に合格した者は、自らが合格した試験を行った都道府県知事の登録を受けることができる。Xは、甲県で行われた宅建試験に合格しているので、「乙県知事」ではなく甲県知事に登録を申請することができる。
SECT004,Q0360,主任者登録,宅地建物取引主任者資格試験に合格した者で、宅地建物の取引に関し2年以上の実務経験を有するもの、又は都道府県知事がその実務経験を有するものと同等以上の能力を有すると認めたものは、登録を受けることができる。,正しい,正しくない,-,-,-,2,正しくない,宅建試験に合格した者が登録をするためには、2年以内の実務経験を有するか、または、その者と同等以上の能力を有すると国土交通大臣が認めた場合(たとえば、国土交通大臣の登録を受けた登録実務講習を修了した者)でなければならない。「都道府県知事」ではない。
SECT004,Q0370,主任者登録,婚姻している未成年者は、登録実務講習を終了しても、法定代理人から宅地建物取引業を営むことについての許可を受けなければ登録を受けることができない。,正しい,正しくない,-,-,-,2,正しくない,婚姻した未成年者は、青年に達したものと見なされる。従って、法廷代理人から営業の許可を受けなくても登録を受けることができる。
SECT004,Q0380,主任者登録,取引主任者Aは、不正の手段により登録を受けたとして、登録の消除の処分の聴間の期日及び場所が公示された後、自らの申請によりその登録が消除された場合、当該申請に相当の理由がなくとも、登録が消除された日から5年を経ずに新たに登録を受けることができる。,正しい,正しくない,-,-,-,2,正しくない,不正登録等の理由で登録消除処分の聴聞の期日および場所を公示された日から処分をするかしないかを決定する日までの間に、登録の消除の申請をした者(相当の理由がある者を除く)で、登録が消除された日から5年を経過しない者は、登録を受けることができない。
SECT004,Q0390,主任者登録,甲県知事から取引主任者証の交付を受けている者が、取引主任者としての事務を禁止する処分を受け、その禁止の期間中に本人の申請にょり登録が消除された場合は、その者が乙県で宅地建物取引主任者資格試験に合格したとしても、当該期間が満了しないときは、乙県知事の登録を受けることができない。,正しい,正しくない,-,-,-,1,正しい,事務の禁止の処分を受け、その禁止の期間中に申請により登録が消除された者は、当該期間中は、登録を受けることができない。このことは、別の都道府県で試験に合格して登録を受ける場合でも変わりがない。
SECT004,Q0400,主任者登録,宅地建物取引主任者の登録を受けている者が本籍を変更した場合、遅滞なく、登録をしている都道府県知事に変更の登録を申請しなければならない。,正しい,正しくない,-,-,-,1,正しい,登録を受けている者は、登録を受けている事項に変更があったときは、遅滞なく、登録をしている都道府県知事に変更の登録を申請しなければならない。本籍は登録事項なので、変更の登録の対象である。
SECT004,Q0410,主任者登録,取引主任者Cが、宅地建物取引業者D社を退職し、宅地建物取引業者E社に就職したが、CはD社及びE社においても専任の取引主任者ではない。この場合、変更の登録は申請しなくても良い。,正しい,正しくない,-,-,-,2,正しくない,主任者登録を受けている者は、勤務先の宅建業者の商号・名称・免許証番号に変更があったときは、遅滞なく、登録をしている都道府県知事に変更の登録を申請しなければならない。このことは、専任の取引主任者であるか否かに関係ない。Cは勤務先をD社からE社に変更しているので、変更の登録を申請しなければならない。
SECT004,Q0420,主任者登録,登録を受けている者は、取引主任者証の交付を受けていない場合は、その住所に変更があっても、登録を受けている都道府県知事に変更の登録を申請する必要はない。,正しい,正しくない,-,-,-,2,正しくない,登録を受けている者は、住所に変更があったときは、遅滞なく、登録をしている都道府県知事に変更の登録を申請しなければならない。このことは、取引主任者証の交付を受けているかどうか(取引主任者か取引主任者資格者か)に関係ない。
SECT004,Q0430,主任者登録,宅地建物取引業者(甲県知事免許)に勤務する取引主任者(甲県知事登録)が、乙県に住所を変更するとともに宅地建物取引業者(乙県知事免許)に勤務先を変更した場合は、乙県知事に登録の移転の申請をしなければならない。,正しい,正しくない,-,-,-,2,正しくない,登録を受けている者は、登録を受けている都道府県以外の都道府県に所在する宅建業者の事務所の業務に従事し、または従事しようとするときは、登録の移転を申請することができる。任意的なものなので、しなければならないとする本問は誤り。
SECT004,Q0440,主任者登録,甲県知事の宅地建物取引主任者の登録を受けている者が、その住所を乙県に変更した場合、甲県知事を経由して乙県知事に対し登録の移転を申請することができる。,正しい,正しくない,-,-,-,2,正しくない,登録を受けている者は、登録を受けている都道府県以外の都道府県に所在する宅建業者の事務所の業務に従事し、または従事しようとするときは、登録の移転を申請することができる。しかし、本問では、住所を移転しているだけなので、登録の移転を申請することができない。
SECT004,Q0450,主任者登録,甲県知事の登録を受け、乙県内の宅地建物取引業者の事務所に勤務している取引主任者Aが甲県知事から事務の禁止の処分を受け、その禁止の期間が満了していないときは、Aは取引主任者としてすべき事務を行うことはできないが、Aは乙県知事に対して、甲県知事を経由して登録の移転の申請をすることができる。,正しい,正しくない,-,-,-,2,正しくない,事務禁止処分の期間中は、当然のことながら、取引主任者としてすべき事務を行うことができない。また、事務禁止処分の期間中は、登録の移転の申請もすることができない。
SECT004,Q0460,主任者登録,取引主任者が成年被後見人に該当することになったときは、その日から30日以内にその旨を登録している都道府県知事に本人が届け出なければならない。,正しい,正しくない,-,-,-,2,正しくない,登録を受けている者が成年被後見人になったときは、成年後見人は、その日から30日以内にその旨を登録を受けている都道府県知事に届け出なければならない。
SECT005,Q0470,取引主任者証、設置義務,丙県知事から取引主任者証の交付を受けている取引主任者が、取引主任者証の有効期間の更新を受けようとするときは、丙県知事に申請し、その申請前6月以内に行われる国土交通大臣の指定する講習を受講しなければならない。,正しい,正しくない,-,-,-,2,正しくない,取引主任者証の有効期間の更新を受けようとする者は、登録をしている都道府県知事が指定する講習で、申請前6ヶ月以内に行われるものを受講しなければならない。
SECT005,Q0480,取引主任者証、設置義務,宅地建物取引主任者資格試験に合格した日から1年以内に取引主任者証の交付を受けようとする者は、登録をしている都道府県知事の指定する講習を受講する必要はない。,正しい,正しくない,-,-,-,1,正しい,試験に合格した日から1年以内に取引主任者賞の交付を受けようとする者、既に取引主任者証の交付を受けている場合で、登録の移転とともに新たな取引主任者証の交付を受けようとする者は、都道府県知事の指定する講習を受講する必要はない。
SECT005,Q0490,取引主任者証、設置義務,甲県知事から取引主任者証の交付を受けている取引主任者は、その住所を変更したときは、遅滞なく、変更の登録の申請をするとともに、取引主任者証の書換え交付の申請を甲県知事に対してしなければならない。,正しい,正しくない,-,-,-,1,正しい,取引主任者はその指名または住所を変更したときは、遅滞なく、変更の登録の申請とあわせて、取引主任者証の書換え交付の申請を、登録を受けている都道府県知事(取引主任者証の交付を受けた都道府県知事)に対してしなければならない。
SECT005,Q0500,取引主任者証、設置義務,取引主任者A(甲県知事登録)は、禁錮以上の刑に処せられ登録が消除された場合は、速やかに、宅地建物取引主任者証を甲県知事に返納しなければならない。,正しい,正しくない,-,-,-,1,正しい,取引主任者は、登録が消除された場合、速やかに、取引主任者証をその交付を受けた都道府県知事に返納しなければならない。
SECT005,Q0510,取引主任者証、設置義務,"取引主任者証を亡失し、その再交付を申請している者は、
再交付を受けるまでの間、宅地建物取引業法第35条に規定する重要事項の説明をする時は、取引主任者証に代えて、再交付申請書の写しを提示すれば良い。",正しい,正しくない,-,-,-,2,正しくない,重要事項の説明をするときには、取引主任者賞を提示しなければならない。再交付申請書の写しを提示すれば良いとの規定はない。
SECT005,Q0520,取引主任者証、設置義務,は、甲県知事から取引主任者証の交付を受けている。Yは、乙県での勤務を契機に乙県に取引主任者の登録の移転をしたが、甲県知事の取引主任者証の有効期間が満了していなかったので、その取引主任者証を用いて取引主任者としてすべき事務を行った場合、宅地建物取引業法の規定に違反しない。,正しい,正しくない,-,-,-,2,正しくない,登録の移転があったときは、取引主任者証は効力を失う。したがって、「その取引主任者証を用いて取引主任者としてすべき事務を行った」ことは、宅建業法に違反する。
SECT005,Q0530,取引主任者証、設置義務,宅地建物取引業者である法人Fの取締役Gは取引主任者であり、本店において専ら宅地建物取引業に関する業務に従事している。この場合、Fは、Gを本店の専任の取引主任者の数のうちに算入することはできない。,正しい,正しくない,-,-,-,2,正しくない,宅建業者やその役員が取引主任者であるときは、その者が自ら主として業務に従事する事務所等については、その者は、その事務所等に置かれる成年者である専任の取引主任者とみなされる。したがって、Fは、Gを本店の専任の取引主任者の数のうちに算入することができる。
SECT005,Q0540,取引主任者証、設置義務,宅地建物取引業者A社(甲県知事免許)の唯一の専任の取引主任者であるBが退職したとき、A社は2週間以内に新たな成年者である専任の取引主任者を設置し、設置後30日以内にその旨を甲県知事に届け出なければならない。,正しい,正しくない,-,-,-,1,正しい,宅建業者は、専任の取引主任者設置義務に抵触する(専任の取引主任者が不足する)こととなった場合は、2週間以内に必要な措置をとらなければならない。そして宅建業者は、事務所に置かれる専任の取引主任者の氏名に変更があったときは、30日以内にその旨を免許権者に届け出なければならない(変更の届出)。
SECT006,Q0550,営業保証金,"宅地建物取引業の免許を受けた者は、事業を開始した日から3月以内に営業保証金を供託し、その旨を免許を受けた国土交通大臣又は都道府県知事に届け出なければな
らない。",正しい,正しくない,-,-,-,2,正しくない,宅建業者は、営業保証金を主たる事務所のもよりの供託所に供託し、供託した旨の をした後でなければ、事業を開始 してはならない。事業を開 始 した日から3カ 月以内に届 け出るのではない。
SECT006,Q0560,営業保証金,"宅地建物取引業者A社は、営業保証金を本店及び支店ご
とにそれぞれ最寄りの供託所に供託しなければならない。",正しい,正しくない,-,-,-,2,正しくない,宅建業者は、営業保証金を、主たる事務所のもより の 供 託 所 に 供 託 し な け れ ば な ら な い 。「 本 店 及 業 び 支 店 ご と に そ れ ぞ れ 最 寄 り の 供 託 所 」で は な い 。
SECT006,Q0570,営業保証金,甲県知事は、宅地建物取引業者A社(甲県知事免許)が宅地建物取引業の免許を受けた日から3月以内に営業保証金を供託した旨の届出をしないときは、その届出をすべき旨の催告をしなければならず、その催告が到達した日から1月以内にA社が届出をしないときは、A社の免許を取り消すことができる。,正しい,正しくない,-,-,-,1,正しい,免許権者は、宅建業者が免許を受けた日から 3カ 月以内に営業保証金を供託 した旨の届出をしない ときは、その届出をすべき旨の催告をしなければ ならず、その催告が到達した日から1力月以内に当該宅建業者が届出をしないときは、その免許を取り消すことができる。
SECT006,Q0580,営業保証金,宅地建物取引業者A(甲県知事免許、事務所数1)は、甲県の区域内に新たに二つの支店を設け宅地建物取引業を営もうとする場合、額面金額1000万円の地方債証券を供託して営業保証金に充てれば足りる。,正しい,正しくない,-,-,-,2,正しくない,営業保証金の額は、主たる事務所につき1000万円、その他の事務所につき事務所ごとに500万円の合計額なので、2つの支店を設けた場合、1000万円の営業保証金を供託しなけしなけばならない。そして、有価証券で供託する場合、国債証券 は額面金額の 100%、 地方債証券・政府保証債証 券は額面金額の90%、 その他の有価証券は額面 金額の80%に評価される。額面金額1000万円 の地方債証券 は900万 円に評価 されるので、本問では額が不足する。
SECT006,Q0590,営業保証金,宅地建物取引業者は、事業の開始後新たに支店を設置したときは、その支店の最寄りの供託所に政令で定める額を供託し、その旨を免許を受けた国土交通大臣又は都道府県知事に届け出なければならない。,正しい,正しくない,-,-,-,2,正しくない,宅建業者は、事業の開始後新たに事務所を設置したときは、当該事務所についての営業保証金を主たる事務所のもよりの供託所に供託し、供託した 旨の届出をした後でなければ、新設 した事務所で の 事 業 を 開 始 し て は な ら な い 。「 そ の 支 店 の 最 寄 りの供託所」ではない。
SECT006,Q0600,営業保証金,宅地建物取引業者A(甲県知事免許)は、マンション3棟を分譲するための現地出張所を甲県内に設置した場合、営業保証金を追加して供託しなければ、当該出張所でマンションの売買契約を締結することはできない。,正しい,正しくない,-,-,-,2,正しくない,営業保証金の額は、 について1000万円、 その他の事務所について1カ所あたり500万円の合計額である。したがって、出張所を設置 しても、営業保証金を追加 して供託する必要はな い。
SECT006,Q0610,営業保証金,金銭のみをもって営業保証金を供託している宅地建物取引業者は、その本店を移転したためその最寄りの供託所が変更した場合、遅滞なく、供託している供託所に対し移転後の本店の最寄りの供託所への営業保証金の保管替えを請求しなければならない。,正しい,正しくない,-,-,-,1,正しい,宅建業者は、主たる事務所を移転したためもよりの供託所が変更した場合、金銭のみをもって営業保証金を供託しているときは、遅滞なく、営業保証金 を供託 している供託所に対 し、移転後の主 たる事務所のもよりの供託所への営業保証金の保管替えを請求 し、その他のときは、遅滞なく、 営業保証金 を移転後の主たる事務所のもよりの供 託 所 に 新たに供託しな け れ ば な ら な い 。
SECT006,Q0620,営業保証金,宅地建物取引業者A(甲県知事免許)が販売する新築分譲マンションの広告を受託した広告代理店は、その広告代金債権に関し、Aが供託した営業保証金からその債権の弁済を受ける権利を有しない。,正しい,正しくない,-,-,-,1,正しい,営業保証金から還付を受けることができるのは、 宅建業者との に関する取引により生じた債 権である。広告代金債権は、宅建業に関する取引 により生 じた債権ではないので、当該広告代理店 は 、営 業 保 証 金 か ら 弁 済 を 受 け る 権 利 を 有 し な い 。
SECT006,Q0630,営業保証金,宅地建物取引業者A(国土交通大臣免許)との取引により生じた電気工事業者の工事代金債権について、当該電気工事業者は、営業継続中のAが供託している営業保証金から、その返済を受ける権利を有する。,正しい,正しくない,-,-,-,2,正しくない,"電気工事業者の工事代金債権 は に関する 取引により生じた債権ではないので、当該電気工 事業者は、営業保証金から弁済を受ける権利を有
しない。"
SECT006,Q0640,営業保証金,宅地建物取引業者A(国土交通大臣免許)は、営業保証金の還付により、営業保証金尾額が政令で定める額に不足することとなった場合、国土交通大臣から不足額を供託すべき旨の通知書の送付を受けた日から2週間以内にその不足額を供託しなければならない。,正しい,正しくない,-,-,-,1,正しい,宅建業者は、営業保証金が還付されたため不足額を供 託 す べ き 旨 の 通 知 書 の 送 付 を受 け た と き は 、その送付を受けた日から2週間以内に不足額を供託しなければならない。
SECT006,Q0650,営業保証金,宅地建物取引業者は、免許の有効期間満了に伴い営業保証金を取り戻す場合は、還付請求権者に対する公告をすることなく、営業保証金を取り戻すことができる。,正しい,正しくない,-,-,-,2,正しくない,免許の有効期間が満了したことを理由に営業保証金を取り戻す場合には、原則として広告をする必要がある。
SECT006,Q0660,営業保証金,宅地建物取引業者は、宅地建物取引業に関し不正な行為をし、情状が特に重いとして免許を取り消されたときであっても、営業保証金を取り戻すことができる場合がある。,正しい,正しくない,-,-,-,1,正しい,免許が取り消された事は、取戻し事由の一つである。従って、原則措定、広告をしたうえで営業保証金を取り戻すことができる。
SECT006,Q0670,営業保証金,宅地建物取引業者A社は、宅地建物取引業の廃業により営業保証金を取り戻すときは、営業保証金の還付を請求する権利を有する者(以下この間において「還付請求権者」という。)に対して公告しなければならないが、支店の廃止により営業保証金を取り戻すときは、還付請求権者に対して公告する必要はない。,正しい,正しくない,-,-,-,2,正しくない,廃業を理由とする場合も、支店の廃止により供託額が所定の額を超えたことを理由とする場合も、営業保証金を取り戻すときは、原則として還付請 求権者に対 して しなければならない。
SECT006,Q0680,営業保証金,宅地建物取引業者は、宅地建物取引業保証協会の社員となった後において、社員となる前に供託していた営業保証金を取り戻す場合は、還付請求権者に対する公告をすることなく、営業保証金を取り戻すことができる。,正しい,正しくない,-,-,-,1,正しい,保証協会の社員になったことを理由に営業保証金を取り戻す場合には広告をする必要がはない。
SECT006,Q0690,営業保証金,宅地建物取引業者A(甲県知事免許)は、免許の有効期間の満了に伴い、営業保証金の取戻しをするための公告をしたときは、遅滞なく、その旨を甲県知事に届け出なければならない。,正しい,正しくない,-,-,-,1,正しい,宅建業者は、営業保証金の取戻しをするための広告をしたときは、遅滞なく、その旨を免許を受けた国土交通大臣または都道府県知事に届け出なければならない。
SECT007,Q0700,弁済業務保証金,保証協会は、一般財団法人でなければならない。,正しい,正しくない,-,-,-,2,正しくない,保証協会は、一般社団法人(人の集まりを法人にしたもの)でなければならない「一般財団法人」(一定の財産を法人にしたもの)ではない。
SECT007,Q0710,弁済業務保証金,保証協会に加入することは宅地建物取引業者の任意であるが、一の保証協会の社員となった後に、重ねて他の保証協会の社員となることはできない。,正しい,正しくない,-,-,-,1,正しい,保証協会に加入するかどうかは、宅建業者の任意である(保証協会に加入しなくても、営業保証金を供託して宅建業を営むことができる)。また宅建業者は、同時に複数の保証協会の社員になることができない。
SECT007,Q0720,弁済業務保証金,宅地建物取引業者で保証協会に加入しようとする者は、その加入の日から2週間以内に、弁済業務保証金分担金を保証協会に納付しなければならない。,正しい,正しくない,-,-,-,2,正しくない,保証協会に加入しようとする場合、加入しようとする暇でに、弁済業務保証金分担金を保証協会に納付しなければならない。「加入の日から2週間以内」ではない。
SECT007,Q0730,弁済業務保証金,宅地建物取引業者が保証協会に加入しようとするときは、当該保証協会に弁済業務保証金分担金を金銭又は有価証券で納付することができるが、保証協会が弁済業務保証金を供託所に供託するときは、金銭でしなければならない。,正しい,正しくない,-,-,-,2,正しくない,弁済業務保証金分担金は金銭で納付 しなければならないが、弁済業務保証金の供託は、金銭または有価証券で行うことができる。本問は、逆の記述である。
SECT007,Q0740,弁済業務保証金,保証協会は、新たに宅地建物取引業者がその社員として加入しようとするときは、あらかじめ、その旨を当該宅地建物取引業者が免許を受けた国土交通大臣又は都道府県知事に報告しなければならない。,正しい,正しくない,-,-,-,2,正しくない,保証協会は新たに社員が加入し、または社員がその地位を失ったときは、その旨をその社員が免許を受けた国土交通大臣または都道府県知事に報告しなければならない。「あらかじめ」ではない。
SECT007,Q0750,弁済業務保証金,Aは保証協会に加入した後に新たに事務所を開設したときは、その日から2週間以内に、営業保証金500万円を主たる事務所のもよりの供託所に供託しなければならない。,正しい,正しくない,-,-,-,2,正しくない,保証協会の社員は、新たに事務所を設置したときは、その日から2週間以内に、その事務所の分に 業 相当する弁済業務保証金分担金を保証協会に納付しなければならない。弁済業務保証金分担金の額 は、主たる事務所につき60万円、その他の事務 所 1カ所につき30万円である。 したがって、A は、開設の日から2週間以内に、弁済業務保証金分担金30万円を保証協会に納付しなければならない。
SECT007,Q0760,弁済業務保証金,宅地建物取引業者が保証協会の社員となる前に、当該宅地建物取引業者と宅地建物取引業に関し取引をした者は、その取引により生じた債権に関し、弁済業務保証金について弁済を受ける権利を有する。,正しい,正しくない,-,-,-,1,正しい,弁済業務イ呆証金から弁済を受けることができる者に は 、社員が社員となる前に (当該宅建業者が保 証協会に加入する前に) 宅建業に関 し取引をした者が含まれる。
SECT007,Q0770,弁済業務保証金,保障境界の社員である宅地建物取引業に関し取引をした者が、その取引により生じた債権に関し、弁済業務保証金について弁済を受ける権利を実行するときは、当該保証協会の認証を受けるとともに、当該保証協会に対し、還付請求をしなければならない。,正しい,正しくない,-,-,-,2,正しくない,副 請求は、供託所に対して行う。「保証協会に対し」ではない。なお、保証協会の認定を受けなければならない点は正しい。
SECT007,Q0780,弁済業務保証金,保証協会から還付充当金を納付すべきことの通知を受けた社員は、その通知を受けた日から一月以内に、その通知された額の還付充当金を当該保証協会に納付しなければならない。,正しい,正しくない,-,-,-,2,正しくない,保証協会の社員は、還付充当金の納付をすべき旨の通知を受けたときは、その日から2週間以内に 保証協会に還付充当金を納付 しなければならない。「一月以内」ではない。
SECT007,Q0790,弁済業務保証金,300万円の弁済業務保証金分担金を保証協会に納付して当該保証協会の社員となった者と宅地建物取引業に関し取引をした者は、その取引により生じた債権に関し、6000万円を限度として、当該保証協会が供託した弁済業務保証金から弁済を受ける権利を有する。,正しい,正しくない,-,-,-,2,正しくない,弁済業務保証金からの還付限度額は、営業保証金の場合と同じである。300万円の弁済業務保証金分担金を納付しているということは、主たる事務所1カ所とその他の事務所8カ所を有していることになるので、(60万円＋30万円×8=300万円)、営業保証金であれば5000万円である(1000万円＋500万円×8)。従って、還付限度額は5000万円になる。
SECT007,Q0800,弁済業務保証金,保証協会は、弁済業務保証金の還付があったときは、当該還付に係る社員又は社員であった者に対し、当該還付額に相当する額の還付充当金を主たる事務所の最寄りの供託所に供託すべきことを通知しなければならない。,正しい,正しくない,-,-,-,2,正しくない,弁済業務保証金の還付があった場合、補充供託は保証巨魁が行わなければならず、社員は還付充当金を保証協会に納付しなければならない。従って、保証協会は、供託所を供託すべき旨を社員に通知するのではなく、還付充当金を保証協会に納付すべきことを通知する。
SECT007,Q0810,弁済業務保証金,保証協会の社員は、保証協会から特別弁済業務保証金分担金を納付すべき旨の通知を受けた場合で、その通知を受けた日から1か月以内にその通知された額の特別弁済業務保証金分担金を保証協会に納付しないときは、当該保証協会の社員の地位を失う。,正しい,正しくない,-,-,-,1,正しい,"保証協会の社員は、保証協会から特別弁済業務保証金分担金を納付すべき旨の通知を受けたとき は、通知を受けた日から1ヶ月以内に通知された 額の特別弁済業務保証金分担金を保証協会に納付 しなけれはならない。納付 しないときは、保証協
会の社員の地位を失う。"
SECT007,Q0820,弁済業務保証金,宅地建物取引業者は、保証協会の社員の地位を失ったときは、当該地位を失った日から2週間以内に、営業保証金を主たる事務所の最寄りの供託所に供託しなければならない。,正しい,正しくない,-,-,-,2,正しくない,宅建業者は、保証協会の社員の地位を失ったときは、地位を失った日から1週間以内に、営業保証金を主たる事務所のもよりの供託所に供託しなけ ればな らない。「2週間以内」ではない。
SECT007,Q0830,弁済業務保証金,宅地建物取引業者Aがその一部の事務所を廃止したため、保証協会が弁済業務保証金分担金をAに返還しようとするときは、保証協会は、弁済業務保証金の還付請求権者に対し、一定期間内に認証を受けるため申し出るベき旨の公告を行う必要はない。,正しい,正しくない,-,-,-,1,正しい,保証協会の社員である宅建業者が一部の事務所を廃止したため、保証協会が弁済業務保証金分担金を返還 しようとするときは、公告を行う必要がない 。
SECT007,Q0840,弁済業務保証金,保証協会は、その社員の地位を失った宅地建物取引業者が地位を失った日から1週間以内に営業保証金を供託した場合は、当該宅地建物取引業者に対し、直ちに弁済業務保証金分担金を返還することが義務付けられている。,正しい,正しくない,-,-,-,2,正しくない,獅 船 は、社員でなくなったことを理由とする 弁済業務保証金分担金の返還の場合には、還付請 求権者に対 し、 6カ 月を下 らない一定期間内に申 し出るべき旨を広告しなければならない。このこ とは、宅建業者が営業保証全を供託 した場合でも 変 わ り が な い 。 し た が っ て 、「 直 ち に 」 と す る 本 間は誤り。
SECT008,Q0850,媒介契約・代理契約,"宅地建物取引業者Aが、B所有の宅地の売去日の媒介依頼
を受け、Bと専属専任媒介契約を締結した場合、Bは、Aが探索した相手方以外の者と売買契約を締結することができない。",正しい,正しくない,-,-,-,1,正しい,専属専任媒介契約 を締結 した場合、依頼者 は、宅建業者が探索 した相手方以外の者と を契約 締結することができない。
SECT008,Q0860,媒介契約・代理契約,宅地建物取引業者Aが、Bから自己所有の宅地の売買の媒介を依頼された場合において、Aは、Bとの間で有効期間を2月とする専任媒介契約を締結した場合、Bの申出により契約を更新するときは、更新する媒介契約の有効期間は当初の有効期間を超えてはならない。,正しい,正しくない,-,-,-,2,正しくない,専任媒介契約においては、当初の有効期間や更新後の有効期間は を超えてはならない。しか し、「更新する媒介契約の有効期間は当初の有効期間を超えてはならない」という制限はない。
SECT008,Q0870,媒介契約・代理契約,宅地建物取引業者Aは、BからB所有の宅地の売却について媒介の依頼を受けて、Bとの間で有効期間を2か月とする専任媒介契約を締結する際、「Bが媒介契約を更新する旨を申し出ない場合は、有効期間満了により自動更新するものとする」旨の特約を定めることができる。,正しい,正しくない,-,-,-,2,正しくない,専任媒介契約の有効期間は、依頼者の申出により更新することができる。この申出は更新の時にされなければならず、事前胃自動更新する旨の特約をすることは認められない。
SECT008,Q0880,媒介契約・代理契約,宅地建物取引業者Aが、Bから自己所有の宅地の売買の媒介を依頼された場合において、Aは、Bとの間で一般媒介契約(専任媒介契約でない媒介契約)を締結する際、Bから媒介契約の有効期間を6月とする旨の申出があったとしても、当該媒介契約において3月を超える有効期間を定めてはならない。,正しい,正しくない,-,-,-,2,正しくない,一般媒介契約においては、有効期間の制限はない。従って、3ヶ月を超える有効期間を定めることもできる。
SECT008,Q0890,媒介契約・代理契約,宅地建物取引業者Aが、B所有の甲宅地の売却の媒介を依頼され、Bと専任媒介契約を締結した場合、AがBに対して、当該専任媒介契約に係る業務の処理状況を14日(ただし、Aの休業日は含まない。)に1回報告するという特約は有効である。,正しい,正しくない,-,-,-,2,正しくない,専任媒介契約には、非専属型と専属型(専属専任媒介契約)がある。報告義務は、非専属型の場合は2週間に1回以上、専属型の場合は1週間に1回位以上で、いずれも宅建業者の休業日は関係ない。本問は単に「専任媒介契約」としているので、両方の場合が含まれる。専属型の場合には、1週間 に 1回 以上なので、本問の特約は無効になり、「有 効」とする本問は誤り。また、非専属型の場合に は、2週間に1回以上であるが、宅建業者の体業 日 は関 係 な い の で、 特 約 を 「有 効 」 とす る本 間 は この点 で も誤 り。
SECT008,Q0900,媒介契約・代理契約,宅地建物取引業者Aは、BからB所有の宅地の売去日について媒介の依頼を受けて、Bとの間に専属専任媒介契約を締結したときは、当該契約の締結の日から5日以内(体業日を除く。)に、所定の事項を当該宅地の所在地を含む地域を対象として登録業務を現に行っている指定流通機構に登録しなければならない。,正しい,正しくない,-,-,-,1,正しい,宅建業者は、専属専任媒介契約を締結 したときはその日から5日以内(宅建業者の休業日を除く)に指定流通機構に登録しなければならない。
SECT008,Q0910,媒介契約・代理契約,宅地建物取引業者Aが、B所有の甲宅地の売去日の媒介を依頼され、Bと専任媒介契約を締結した場合、Aは、甲宅地の所在、規模、形質、売買すべき価額のほかに、甲宅地の上に存する登記された権利の種類及び内容を指定流通機構に登録しなければならない。,正しい,正しくない,-,-,-,2,正しくない,所在、規模、形質、売買すべき価額は指定流通機構への登録事項であるが、登記された権利の種類及び内容は登録事項に含まれない。
SECT008,Q0920,媒介契約・代理契約,宅地建物取引業者A社は、Bから自己所有の宅地の売買の媒介を依頼された場合において、Bとの間で専任媒介契約を締結し、所定の事項を指定流通機構に登録したときは、その登録を証する書面を遅滞なくBに引き渡さなければならない。,正しい,正しくない,-,-,-,1,正しい,指定流通機構へ登録をした宅建業者は、登録を証する書面を遅滞なく依頼者に引き渡さなければならない。
SECT008,Q0930,媒介契約・代理契約,"宅地建物取引業者A社がBから自己所有の土地付建物の売却の媒介を依頼され、専任媒介契約を締結した場合、当該土地付建物の売買契約が成立したときは、A社は、遅滞なく、登録番号、取引価格及び売買契約の成立した
年月日を指定流通機構に通知しなければならない。",正しい,正しくない,-,-,-,1,正しい,宅建業者は、専任媒介契約を締結 したときは、指定流通機構へ登録しなければならない。そして宅建業者は、指定流通機構へ登録した宅地・建物の売買・交換契約が成立したときは、遅滞なく、登録番号、取引価格、契約成立年月日を、指定流通機構へ通知しなければならない。
SECT008,Q0940,媒介契約・代理契約,宅地建物取引業者Aが、Bから自己所有の宅地の売買の媒介を依頼された場合において、Aは、Bとの間で専任媒介契約を締結したときは、取引主任者に宅地建物取引業法第34条の2第1項の規定に基づき交付すべき書面の記載内容を確認させた上で、当該取引主任者をして記名押印させなければならない。,正しい,正しくない,-,-,-,2,正しくない,媒介契約書面には、宅建業者の記名押印は必要であるが、取引主任者の記名押印は必要ない。
SECT008,Q0950,媒介契約・代理契約,宅地建物取引業者Aが、Bから自己所有の宅地の売買の媒介を依頼された場合において、Aは、Bとの間で締結した媒介契約が一般媒介契約であるか、専任媒介契約であるかにかかわらず、宅地を売買すべき価額をBに口頭で述べたとしても、宅地建物取引業法第34条の2第1項の規定に基づき交付すべき書面に当該価額を記載しなければならない。,正しい,正しくない,-,-,-,1,正しい,宅建業者は、一般媒介契約と専任媒介契約のどちらかであても、媒介契約書面を作成・交付しなければならない。そして、媒介契約書には、売買すべき価額を記載しなければならない。
SECT008,Q0960,媒介契約・代理契約,宅地建物取引業者Aは、BからB所有の宅地の売却について媒介の依頼を受けて、Bとの間に媒介契約を締結したときは、当該契約が国土交通大臣が定める標準媒介契約約款に基づくものであるか否かの別を、宅地建物取引業法第34条の2第1項の規定に基づき交付すべき書面に記載しなければならない。,正しい,正しくない,-,-,-,1,正しい,宅建業者は、媒介契約が国土交通大臣が定める標準媒介契約約款にもとづく者であるか否かの別を、宅建業法34条の2第 1項の規定に基づき交付すべき書面 (媒介契約書面)に記載しなければ ならない。
SECT008,Q0970,媒介契約・代理契約,宅地建物取引業者A社がBから自己所有の土地付建物の売却の媒介を依頼され、一般媒介契約(専任媒介契約でない媒介契約)を締結した場合、A社がBに対し当該土地付建物の価額又は評価額について意見を述べるときは、その根拠を明らかにしなければならない。,正しい,正しくない,-,-,-,1,正しい,宅建業者は、媒介契約書面に記載 した宅地・建物を売買すべき価額またはその評価額について意見を述べる場合には、 その根拠を明 らかに しなければならない。このことは、一般媒介契約であっても変わりがない。
SECT008,Q0980,媒介契約・代理契約,宅地建物取引業者Aは、オフィスビルの所有者Cから賃貸借の媒介を依頼されたが、過去数次にわたってCの物件について賃貸借の媒介をしていたことから、当該依頼に係る媒介契約を締結したとき、Cに対し、書面の作成及び交付を行わなかった場合、宅地建物取引業法の規定に違反しない。,正しい,正しくない,-,-,-,1,正しい,媒介契約の規制(専任媒介契約の規制や媒介契約書面の作成義務等)は、売買・交換の媒介に関するものであり、貸借の媒介には適用されない。したがって、賃貸借の媒介を依頼された場合に媒介契約書面の作成・交付を行わなくても、宅建業法に違反しない。
SECT009,Q0990,広告に関する規制,宅地建物取引業者Aがその業務に関して行う広告については、実際のものよりも著しく優良又は有利であると人を言呉認させるような表示をしてはならないが、言呉認させる方法には限定がなく、宅地又は建物に係る現在又は将来の利用の制限の一部を表示しないことにより誤認させることも禁止されている。,正しい,正しくない,-,-,-,1,正しい,宅建業者は、実際のものよりも著しく優良または有利であると人を誤認させる表示 (誇 大広告)をしてはならないが、誤認させる方法には限定がなく、利用の制限の一部を表示 しないことにより誤認 させることも禁止 されている。
SECT009,Q1000,広告に関する規制,宅地建物取引業者が宅地の売買に関する広告をインターネットで行った場合において、当該宅地の売買契約成立後に継続して広告を掲載していたとしても、最初の広告掲載時点で当該宅地に関する売買契約が成立していなければ、宅地建物取引業法第32条に規定する誇大広告等の禁止に違反することはない。,正しい,正しくない,-,-,-,2,正しくない,取引する意思のない物件の広告(おとり広告)や虚偽の物件の広告は、誇大広告にあたる。 した がって、売買契約成立後に継続 して広告を掲載す ることは、誇大広告等の禁止に違反する可能性がある。
SECT009,Q1010,広告に関する規制,宅地建物取引業者Aがその業務に関してテレビやインターネットを利用して行う広告は、新聞の折込チラシや配布用のチラシと異なり法の規制の対象とならない。,正しい,正しくない,-,-,-,2,正しくない,誇大広告等の規制対象となる広告は、新聞の折込チラシ、配布用のチラシ、新聞、雑誌、テレビ、ラジオ、インターネットのホームページ等種類を問わない。
SECT009,Q1020,広告に関する規制,宅地建物取引業者Aがその業務に関して行う広告については、実際のものよりも著しく優良又は有利であると人を誤認させるような表示であっても、誤認による損害が実際に発生しなければ、監督処分の対象とならない。,正しい,正しくない,-,-,-,2,正しくない,誇大広告はそれ自体が宅建業法違反であり、損害の発生の有無は関係ない。そして、誇大広告等の禁止に違反した場合、監督処分及び罰則の対象になる。
SECT009,Q1030,広告に関する規制,宅地建物取引業者は、販売する宅地又は建物の広告に著しく事実に相違する表示をした場合、監督処分の対象となるほか、6月以下の懲役又は100万円以下の罰金に処せられることがある。,正しい,正しくない,-,-,-,1,正しい,誇大広告を行った宅建業者は、指示処分・業務停止処分 (情状が特に重いときは免許取消処分)の対象となるほか、 月以下の懲役もしくは100万円以下の罰金またはこれらの併科に処せられることがある。
SECT009,Q1040,広告に関する規制,宅地建物取引業者は、新築分譲住宅としての販売を予定している建築確認申請中の物件については、建築確認申請中である旨を表示をすれば、広告をすることができる。,正しい,正しくない,-,-,-,2,正しくない,宅建業者は、工事の完了前においては、当該工事に必要とされた開発許可・建築確認等の処分があった後でなけrば広告をすることができない(広告開始時期制限)。建築確認申請中である旨を表示したとしても、同様である。
SECT009,Q1050,広告に関する規制,Aは、宅地又は建物の売買、交換又は貸借に関する広告をするときは、取引態様の別を明示しなければならないが、取引の相手方に対し、取引態様の別が明らかである場合は明示する必要はない。,正しい,正しくない,-,-,-,2,正しくない,宅建業者は、広告をするときは、取引態様の別を明示しなければならない。そして、取引の相手方 に対 し取引態様の別が明 らかである場合についての例外はないので、そのような場合でも取引態様の別を明示する必要がある。
SECT009,Q1060,広告に関する規制,宅地建物取引業者は、宅地又は建物の売買、交換又は貸借に関する広告をするときに取引様態の別を明示していれば、注文を受けたときに改めて取引態様の別を明らかにする必要はない。,正しい,正しくない,-,-,-,2,正しくない,宅建業者は、宅地・建物の売買・交換・貸借に関する広告をするとき、宅地・建物の売買・交換・貸借に関する注文を受けたときに遅滞なく、 取引態様の別を明示 しなければならない。これら は別々の義務なので、広告をするときに明示 して いても、注文を受けたときに改めて明示 しなけれ ばならない。
SECT009,Q1070,広告に関する規制,重要事項説明の予定日の朝、宅地建物取引業者A社の嗜―の取引主任者である甲が交通事故に遭い、5日間入院することとなった。事情を知った買主B社と合意の上、A社は重要事項を記載した書面を交付するにとどめ、退院後、契約締結前に甲が重要事項説明を行った場合、A社の行為は宅地建物取引業法の規定に違反しない。,正しい,正しくない,-,-,-,1,正しい,宅建業者は、売買・交換・貸借の契約がする までの間に、取引主任者をして、重要事項の説明 をさせなければならないところ、本問では、取引主任者甲が、売買契約成立前に、重要事項の説明 を行っている。 したがって、違反 しない。
SECT009,Q1080,広告に関する規制,取引主任者は、宅地建物取引業法第35条の規定による重要事項説明を行うにあたり、相手方から請求があった場合にのみ、取引主任者証を提示すればよい。,正しい,正しくない,-,-,-,2,正しくない,取引主任者は、重要事項の説明を行う際には、相手方からの請求がなくても、取引主任者証を提示しなければならない。
SECT009,Q1090,広告に関する規制,宅地建物取引業者が自ら売主として宅地の売買をする場合において、買主が宅地建物取引業者であるため、重要事項を記載した書面を交付しなかった。この場合、宅地建物取引業法の規定に違反しない。,正しい,正しくない,-,-,-,2,正しくない,重要事項の説明の規定は、相手方が宅建業者であっても適用される。 したがって、買主が宅建業 者であっても、重要事項 を記載 した書面の交付は必要である。
SECT009,Q1100,広告に関する規制,宅地の売買について、売主A、Aの媒介業者B及び買主の媒介業者Cの三者がいずれも宅地建物取引業者である場合は、B及びCのみならず、Aも、買主に対して重要事項の説明をすべき義務を負う。,正しい,正しくない,-,-,-,1,正しい,徽 の宅建業者が関 に かかわっている場合、それぞれの宅建業者が重要事項説明の義務を負う。 そして、重要事項の説明は、物件を取得 しまたは借りようとしている者 (買主、借主、交換の当事 者)に対 してしなければならない。 したがって、 本問では、A、 BおよびCが買主に対して重要事 項の説明をすべき義務を負う。
SECT009,Q1110,広告に関する規制,宅地建物取引業法第35条の規定による重要事項の説明及び書面の交付は、取引主任者が設置されている事務所だけではなく、取引の相手方の自宅又は勤務する場所等、それ以外の場所で行うことができる。,正しい,正しくない,-,-,-,1,正しい,"重要事項の説明場所や重要事項説明書面の交付場所については、 制限がない。したがって、それら
は、事務所以外の場所で行うことができる。"
SECT009,Q1120,広告に関する規制,建物の売買の媒介における重要事項の説明において、登記された権利の種類及び内容については説明したが、移転登記の申請の時期については説明しなかった場合、宅地建物取引業法の規定に違反しない。,正しい,正しくない,-,-,-,1,正しい,移転登記の申請の時期は、重要事項の説明の内容ではない。
SECT009,Q1130,広告に関する規制,宅地の売買の媒介の場合は、重要事項の説明において、私道に関する負担について説明しなければならないが、建物の貸借の媒介の場合は説明する必要はない。,正しい,正しくない,-,-,-,1,正しい,建物の貸借以外の場合は、私道に関する負担に関する事項を説明しなければならない。
SECT009,Q1140,広告に関する規制,建物の貸借の媒介における重要事項の説明において、水道、電気及び下水道は完備、都市ガスは未整備である旨説明したが、その整備の見通しまでは説明しなかった場合、宅地建物取引業法の規定に違反しない。,正しい,正しくない,-,-,-,2,正しくない,"宅建業者は、飲用水・電気・ガスの供給や排水のための施設の整備の状況 (整備されていない場合 は、その整備の見通し・整備についての特別の負 担に関する事項)を 重要事項 として説明 しなけれ
ばならない。"
SECT009,Q1150,広告に関する規制,建物の売買の媒介を行う場合、当該建物が宅地造成等規制法の規定により指定された造成宅地防災区域内にあるときは、その旨を説明しなければならないが、当該建物の貸借の媒介を行う場合においては、説明する必要はない。,正しい,正しくない,-,-,-,2,正しくない,宅建業者は、宅地・建物の売買・交換・貸借にお いて、当該宅地・建物が造成宅地防災区域内にあ るときは、その旨を重要事項として説明 しなけれ ばならない。
SECT009,Q1160,広告に関する規制,宅地の売買の媒介の場合は、土砂災害警戒区域等における土砂災害防止対策の推進に関する法律第6条第1項により指定された土砂災害警戒区域内にあるときは、重要事項の説明において、その旨の説明をしなければならないが、建物貸借の媒介の場合は説明する必要はない。,正しい,正しくない,-,-,-,2,正しくない,宅地・建物の売買・交換・貸借において、宅地・ 建物が土砂災害警戒区域内にあるときはその旨を 説明しなけれはならない。したがって、「建物の貸借の媒介の場合は説明する必要はない」とする本問は誤り。
SECT009,Q1170,広告に関する規制,宅地建物取引業者Aが建物の売買の媒介を行う場合、当該建物について石綿の使用の有無の調査の結果が記録されていないときは、Aは、自ら石綿の使用の有無の調査を行った上で、重要事項の説明において、その結果の内容を説明しなければならない。,正しい,正しくない,-,-,-,2,正しくない,雫物の売買・交換・貸借の場合、石綿の使用の有無の調査の結果が記録されているときは、その内 業 容を重要事項 として説明 しなければならない。この規定は、記録がされているときにその内容を説明する義務を定めたものであって、記録がないときに宅建業者に独自に調査する義務を負わせるものではない。
SECT009,Q1180,広告に関する規制,昭和60年10月1日に新築の工事に着手し、完成した建物の売買の媒介を行う場合、当該建物が指定確認検査機関による耐震診断を受けたものであっても、その内容は説明する必要はない。,正しい,正しくない,-,-,-,1,正しい,宅建業者は、建物の売買・交換・貸借において、 当該建物 (昭和56年6月1日以降に新築の工事 に着手 したものを除く)が一定の耐震診断を受けたものであるときは、その内容を重要事項として 説 明 し な け れ ば な ら な い 。 し か し、 本 間 の 建 物 は 昭和60年10月 1日に新築の工事に着手したも のなので、上記 ( )内 に該当 し、当該説明義務の対象から除かれる。
SECT009,Q1190,広告に関する規制,建物の貸借の媒介を行う場合、当該建物が住宅の品質確保の促進等に関する法律に規定する住宅性能評価を受けた新築住宅であるときは、その旨について説明しなければならないが、当該評価の内容までを説明する必要はない。,正しい,正しくない,-,-,-,2,正しくない,建物の売買・交換においては、当該建物が住宅性能評価を受けた新築住宅であるときはその旨を説 明 し な け れ ば な ら な い 。 し か し、 本 間 は 貸 借 の 媒介なので、「その旨」を説明する必要はない。
SECT009,Q1200,広告に関する規制,自ら売主となる新築住宅の売買における重要事項の説明において、重要事項の説明の時点で瑕疵担保責任の履行に関する責任保険の契約を締結する予定であることは説明したが、当該責任保険の概要については説明しなかった場合、宅地建物取引業法の規定に違反しない。,正しい,正しくない,-,-,-,2,正しくない,重要事項の説明においては、宅地・建物の瑕疵を担 保 す べ き 責 任 の 履 行 に 関 し保 証 保 険 契 約 の 締 結 その他の措置を高ずるかどうか、およびその措置を講ずる場合におけるその措置の概要を説明 しな ければならない。本問は、後者を説明 していない ので、宅建業法に違反する。
SECT009,Q1210,広告に関する規制,宅地建物取引業者Aが、マンションの分譲に際して行う重要事項の説明において、建物の区分所有等に関する法律第2条第4項に規定する共用部分に関する規約がまだ案の段階である場合、Aは、規約の設定を待ってから、その内容を説明しなければならない。,正しい,正しくない,-,-,-,2,正しくない,共用部分に関する規約の定め (案を含)がある ときは、その内容を重要事項として説明し泣けれればならないならない。従って、案の段階であるときは、その案を説明しなければならない。
SECT009,Q1220,広告に関する規制,建物の貸借の媒介における重要事項の説明において、建物の区分所有等に関する法律に規定する専有部分の用途その他の利用の制限に関する規約の定め(その案を含む。)がなかったので、そのことについては説明しなかった場合、宅地建物取引業法の規定に違反しない。,正しい,正しくない,-,-,-,1,正しい,区分所有建物の場合、専有部分の用途その他の利用の制限に関する規約の定め(案を含む)があるときは、その内容を重要事項として説明しなければならない。しかし、本問では規約の定めも案もないので、説明する必要はない。
SECT009,Q1230,広告に関する規制,宅地建物取引業者Aが、マンションの分譲に際して行う重要事項の説明において、当該マンションの建物又はその敷地の一部を特定の者にのみ使用を許す旨の規約の定めがある場合、Aは、その内容だけでなく、その使用者の氏名及び住所について説明しなければならない。,正しい,正しくない,-,-,-,2,正しくない,一棟の建物またはその敷地の―部を特定の者のみに使用を許す旨の規約の定め(案を含む)があるときは、その内容を重要事項として説明 しなければならないが、「その使用者の氏名及び住所」まで説明する必要はない。
SECT009,Q1240,広告に関する規制,宅地建物取引業者Aが、マンションの分譲に際して行う重要事項の説明において、当該マンションの建物の計画的な維持修繕のための費用を特定の者にのみ減免する旨の規約の定めがある場合、Aは、買主が当該減免対象者であるか否かにかかわらず、その内容を説明しなければならない。,正しい,正しくない,-,-,-,1,正しい,一棟の建物の計画的な維持修繕のための費用、通常の管理費用その他の当該建物の所有者が負担し なけれはならない費用を にのみ する 旨の規約の定め (案 を含む)があるときは、その 内 容 を 、重 要 事 項 と し て 説 明 し な け れ ば な ら な い 。 このことは、買主が減免対象者であるか否かに関係ない。
SECT009,Q1250,広告に関する規制,宅地建物取引業者Aが、マンションの分譲に際して行う重要事項の説明において、当該マンションの建物の計画【H20】的な維持修繕のための費用の積立を行う旨の規約の定めがある場合、Aは、その内容を説明すれば足り、既に積み立てられている額については説明する必要はない。,正しい,正しくない,-,-,-,2,正しくない,一棟の建物の計画的な維持修繕のための費用の積立てを行う旨の規約の定め(案を含む)があるときは、その内容及び既に組み立てられている額を、重要事項として説明しなければならない。
SECT009,Q1260,広告に関する規制,中古マンションの売買の媒介における重要事項の説明において、当該マンションに係る維持修繕積立金については説明したが、管理組合が保管している維持修繕の実施状況についての記録の内容については説明しなかった場合、宅地建物取引業法の規定に違反しない。,正しい,正しくない,-,-,-,2,正しくない,区分所有建物の売買・交換において、当該一棟の建物の計画的な維持修繕のための費用の積立てを 行 う旨の規約の定めがあるときは、その内容およ びすでに積み立てられている額を説明 しなければ ならない。また、当該一棟の建物の維持修繕の実 施状況が記録されているときは、その内容を説明 しなければならない。本問は、後者 を説明 してい ないので、宅建業法の規定に違反する。
SECT009,Q1270,広告に関する規制,宅地建物取引業者Aが建物の貸借の媒介を行う場合、当該貸借の契約が借地借家法第38条第1項の規定に基づく定期建物賃貸借契約であるときは、Aは、重要事項の説明において、その旨を説明しなければならない。,正しい,正しくない,-,-,-,1,正しい,建物の貸借において、定期建物賃貸借をしようとするときは、その旨を重要事項として説明しなければならない。
SECT009,Q1280,広告に関する規制,宅地建物取引業者Aが建物の貸借の媒介を行う場合、Aは、重要事項の説明において、当該貸借に係る契約の終了時において精算することとされている敷金の精算に関する事項について説明しなければならない。,正しい,正しくない,-,-,-,1,正しい,宅地。建物の貸借においては、輸 その他いかなる名義をもって授受されるかを問わず、契約終了時において精算することとされている金銭の に関する事項 を、重要事項 として説明 しなければ ならない。
SECT009,Q1290,広告に関する規制,"宅地建物取引業者A社は、自ら所有する宅地を売却するに当たっては、当該売却に係る売買契約が成立するまでの間に、その買主に対して、供託している営業保証金の
額を説明しなければならない。",正しい,正しくない,-,-,-,2,正しくない,宅建業者は、取引の相手方に対し、取引が成立するまでの間に、営業保証金を供託した供託所及びその所在地を説明するようにしなければならない(供託所等の説明)。「営業保証金の額」は説明事項ではない。
SECT009,Q1300,広告に関する規制,宅地建物取引業者Aが行う宅地の売買の媒介において、当該宅地の周辺環境について買主の判断に重要な影響を及ぼす事実があったため、買主を現地に案内した際に、取引主任者でないAの従業者が当該事実について説明した場合、宅地建物取引業法の規定に違反しない。,正しい,正しくない,-,-,-,1,正しい,宅建業者は、契約の勧誘に際し、取引物件の環境に関する事項であって相手方等の判断に重要な影響を及ぼすこととなるものについて、故意に事実を告げず、または不実のことを告け`る行為をしてはならない。 したがって、本問では事実を告げる 必要があるが、誰が告げるかについては特に規定がないため、取引主任者でない従業者が告げても、宅建業法に違反しない。
SECT010,Q1310,契約に関する規制,Aは、新築分譲マンションを建築工事の完了前に売却する場合、建築基準法第6条第1項の確認を受ける前において、当該マンションの売買の広告及び売買契約の締結のいずれもすることはできない。,正しい,正しくない,-,-,-,1,正しい,宅建業者は、宅地の造成または建物の建築に関する工事の完了前においては、当該工事に必要とさ れる開発許可・建築確認等の処分があった後でな ければ、 その宅地・建物 についてを広告する ことができず (広告開始時期制限)、 また、自 ら売買・交換をすることや、売買・交換の代理・媒介をすることもできない (契約締結時期制限)。 したがって、Aは、広告と契約締結のどちらもすることができない。
SECT010,Q1320,契約に関する規制,都市計画法第29条第1項の許可を必要とする宅地について、Bが開発行為を行い貸主として貸借をしようとする場合、宅地建物取引業者Aは、Bがその許可を受ける前であっても、Bの依頼により当該宅地の貸借の広告をすることができるが、当該宅地の貸借の媒介をすることはできない。,正しい,正しくない,-,-,-,2,正しくない,貸借の代理・媒介には、 時期制限は適用されるが、 時期制限は適用されない。したがって、Aは、広告をすることはできないが、 貸借の媒介をすることはできる。本問は、逆の記 述なので誤 り。
SECT010,Q1330,契約に関する規制,宅地建物取引業者Aが、建物の売買の媒介に際し、買主に対して手付の貸付けを行う旨を告げて契約の締結を勧誘したが、売買契約は成立しなかった場合、宅地建物取引業法の規定に違反しない。,正しい,正しくない,-,-,-,2,正しくない,宅建業者は、手付について貸付けその他の信用の供与をすることにより契約の締結を誘引してはならない(手付貸与等の禁止)。誘引する事自体が禁止されているので、誘引行為をすれば実際に契約が成立しなくても、宅建業法に違反する。
SECT010,Q1340,契約に関する規制,宅地建物取引業者A社による投資用マンションの販売の勧誘に際して、A社の従業員は、「将来、南側に5階建て以上の建物が建つ予定は全くない。」と告げ、将来の環境について誤解させるべき断定的判断を提供したが、当該従業員には故意に誤解させるつもりはなかった場合、宅地建物取引業法の規定に違反する。,正しい,正しくない,-,-,-,1,正しい,宅建業者等 (=宅建業者やその従業員等)は、勧誘に際して、宅地・建物の将来の環境または交通 その他の利便について誤解させるべき断定的判断を提供 してはならない。この規定には「故意に」 という言葉がないので、故意に誤解させるつもり がなかったときでも、宅建業法に違反する。
SECT010,Q1350,契約に関する規制,宅地建物取引業者A社が、建物の販売に際して、短時間であったが、私生活の平穏を害するような方法により電話勧誘を行い、相手方を困惑させた場合、A社の行為は、宅地建物取引業法の規定に違反する。,正しい,正しくない,-,-,-,1,正しい,勧誘に際して、深夜または長時間の勧誘その他の私生活または業務の平穏を害するような方法によ りその者を困惑させることは、宅建業法に違反す る。「長時間の勧誘」は具体例の 1つ にすぎず、短時間の勧誘でも私生活の平穏 を害するような方 法により困惑 させれば、宅建業法に違反する。
SECT010,Q1360,契約に関する規制,宅地建物取引業者A社による投資用マンションの販売の勧誘に際して、A社の従業員は、勧誘に先立ってA社の商号及び自らの氏名を告げてから勧誘を行ったが、勧誘の目的が投資用マンションの売買契約の締結である旨を告げなかった場合、宅地建物取引業法の規定に違反する。,正しい,正しくない,-,-,-,1,正しい,宅建業者等は、勧誘に先立って、宅建業者の商号・名称、当該勧誘を行う者の氏名、当該契約の締結 について勧誘をする目的である旨を告げなければ、勧誘を行ってはならない。本問では、勧誘目的である旨を告げていないので、宅建業法に違反する。
SECT010,Q1370,契約に関する規制,宅地建物取引業者A社は、自ら売主となる宅地の売買について宅地建物取引業者でない買主Bと交渉を行った。Bは、買受けの申込みを行い、申込証拠金を払い込んだが、申込みを撤回することとした。A社は、既にBに重要事項説明を行っていたため、受領済みの申込証拠金については、解約手数料に充当するとして返還しないこととしたが、申込みの撤回には応じた場合、宅地建物取引業法の規定に違反しない。,正しい,正しくない,-,-,-,2,正しくない,宅建業者は、相手方等が契約の申込みの撤回を行うに際し、すでに受領した申込証拠金等の預り金を変換することを拒んではならない。従って変換しなかった本問は、宅建業法に違反する。
SECT010,Q1380,契約に関する規制,建物の売買契約において、宅地建物取引業者が売主を代理して買主と契約を締結した場合、当該宅地建物取引業者は、買主にのみ37条書面を交付すれば足りる。,正しい,正しくない,-,-,-,2,正しくない,宅建業者は、37条書面を契約の当事者に交付しなければならない。従って、買主に対してだけではなく、売主にも交付しなければならない。
SECT010,Q1390,契約に関する規制,宅地建物取引業者Aが、売主Bと買主Cとの間の宅地の売買について媒介を行う場合において、Aが、取引主任者をして、37条書面に記名押印させた場合には、37条書面の交付を、取引主任者でないAの代表者や従業員が行ってもよい。,正しい,正しくない,-,-,-,1,正しい,37籍 面には取引主任者の記名押印が必要だるが、その交付をする者については特に制限がない。
SECT010,Q1400,契約に関する規制,宅地建物取引業者Aが、売主Bと買主Cとの間の宅地の売買について媒介を行う場合において、公正証書によってなされる売買契約の場合には、当該公正証書に取引主任者の記名押印がなくても、宅地建物取引業法第35条に規定する書面に取引主任者の記名押印があれば、当該公正証書をもって37条書面に代えることができる。,正しい,正しくない,-,-,-,2,正しくない,37条書面には取引主任者の記名押印が必要である。もし、公正証書に取引主任者の記名押印があり、かつ37条書面の記載事項が記載されていれば、当該公正証書をもって37条書面を兼ねることは可能である。 しか し、本問のように、取引主任者の記名のない公正証書をもって37条書面に代えることはできない。
SECT010,Q1410,契約に関する規制,37条書面に記名押印する取引主任者は、35条書面に記名押印した取引主任者と必ずしも同じ者である必要はない。,正しい,正しくない,-,-,-,1,正しい,37条書面と35条書面 (重要事項説明書)には取引主任者の記名押印が必要であるが、同一の者である必要はない。
SECT010,Q1420,契約に関する規制,宅地建物取引業者Aが売主Bと買主Cの間の建物の売買について媒介を行う際に、Bが宅地建物取引業者でその承諾がある場合、Aは、Bに対し、35条書面及び37条書面のいずれの交付も省略することができる。,正しい,正しくない,-,-,-,2,正しくない,売主には35条書面を交付する必要がないのでAは、Bに対して35条書面を交付する必要はない。これに対し、37条書面は契約の当事者に交付しなければならないので、売主にも交付しなければならない。そして、37条書面の交付義務は、 相手方が宅建業者であっても適用され、相手方の 承諾の有無は関係ない。 したがって、Aは、Bが 宅建業者でその承諾があっても、37条書面の交 付を省略することができない。
SECT010,Q1430,契約に関する規制,売主A、買主Bの間の宅地の売買について宅地建物取引業者Cが媒介をした場合において、Cは、AとBとの契約が成立したので、取引主任者に記名押印させ、AとBに対して契約書面を交付したが、両者に対して書面に託載された事項を説明しなかったときは、宅地建物取引業法の規定に違反しない。,正しい,正しくない,-,-,-,1,正しい,宅建業者は、37条書面に所定の事項を記載し、取引主任者をして記名押印させたうえで、当事者 に対 して すれば足 り、記載事項 を説明する必要はない。
SECT010,Q1440,契約に関する規制,宅地建物取引業者A社は、居住用建物の貸借を媒介し、当該賃貸借契約を成立させた。この際、当該建物の引渡しの時期に関する定めがあったが、宅地建物取引業法第35条の規定に基づく重要事項の説明において、既に借主へ伝達していたことから、37条書面にはその内容を記載しなかった場合、宅地建物取引業法の規定に違反す,正しい,正しくない,-,-,-,1,正しい,37条書面には、物件の の時期について記 載しなければならない。したがって、記載しなかった本問は宅建業法の規定に違反する。
SECT010,Q1450,契約に関する規制,宅地建物取引業者が区分所有建物の貸借の媒介を行う場合、損害賠償額の予定又は違約金に関する特約のないように付いて、37条書面に記載する必要はないが、売買の媒介を行う場合は、当該内容について37条書面に記載する必要がある。,正しい,正しくない,-,-,-,2,正しくない,全ての取引態様において、損害賠償額の予定または違約金に関する定めがあるときは、その内容を37条書面に記載する必要がある。従って、貸借の媒介には記載する必要はないとする本問は誤り。
SECT010,Q1460,契約に関する規制,土地建物の売買契約において、買主が金融機関から住宅ローンの承認を得られなかったときは契約を無条件で解除できるという取り決めがある場合、当該売買の媒介を行う宅地建物取引業者は、自ら住宅ローンのあっせんをする予定がなくても、37条書面にその取り決めの内容を記載する必要がある。,正しい,正しくない,-,-,-,1,正しい,すべての取引態様において、契約の解除に定めがあるときは、その内容を37条書面に記載する必要がある。
SECT010,Q1470,契約に関する規制,宅地建物取引業者は、その媒介により建物の貸借の契約が成立した場合、天災その他不可抗力による損害の負担に関する定めがあるときには、その内容を37条書面に記載しなければならない。,正しい,正しくない,-,-,-,1,正しい,全ての取引態様において、天災その他不可抗力による損害の負担に関する定めがあるときには、その内容を37条書面に記載 しなければならない。
SECT010,Q1480,契約に関する規制,宅地建物取引業者が建物の貸借の媒介を行う場合、当該建物の瑕疵を担保すべき責任についての定めがあるときは、その内容を37条書面に必ず記載しなければならない。,正しい,正しくない,-,-,-,2,正しくない,売買・交換契約においては、宅地・建物の瑕疵を担保すべき責任についての定めがあるときは、その内容を37条書面に記載しなければならない。しかし、本問は貸借契約なので記載する必要はない。
SECT010,Q1490,契約に関する規制,宅地建物取引業者が建物の貸借の媒介を行う場合、借賃以外に金銭の授受があるときは、その額及び授受の目的について、宅地建物取引業法第35条に規定する重要事項を記載した書面に記載しているのであれば、37条書面に記載する必要はない。,正しい,正しくない,-,-,-,2,正しくない,貸借の媒介・代理において、借賃以外の金銭の授受に関する定めがあるときは、その額、授受時期、授受目的について37条書面に記載する必要がある。重要事項説明書への記載の有無は関係ない。なお、代金・交換差金・借賃以外に授受される金銭の額・授受目的は、重要事項説明書の記載事項 である。
SECT010,Q1500,契約に関する規制,宅地建物取引業者の従業者である取引主任者は、本人の同意がある場合を除き、正当な理由がある場合でも、宅地建物取引業の業務を補助したことについて知り得たヒミツを他に漏らしてはならない。,正しい,正しくない,-,-,-,2,正しくない,"宅建業者の従業者は、正答な理由がある場合でな ければ、宅建業の業務を補助 したことについて知 り 得 た 秘 密 を 他 に 漏 ら し て は な ら な い が 、こ の「 正 当な理由」は、本人の同意がある場合に限られな
い。 したがって、正当な理由がある場合には、本人の同意がなくても、秘密を他に漏 らすことがで きる。"
SECT010,Q1510,契約に関する規制,"宅地建物取引業者は、その業務に従事させる者に従業者証明書を携帯させなければならないが、その者が非常勤の役員や単に一時的に事務の補助をする者である場合に
は携帯をさせなくてもよい。",正しい,正しくない,-,-,-,2,正しくない,宅建業者は、その従業者に従業者証明書を携帯さ せなければならない。ここでの従業者には、非常勤の役員や単に一時的に事務の補助をする者も含 まれる。
SECT010,Q1520,契約に関する規制,宅地建物取引業者の従業者である取引主任者は、取引の関係者から事務所で従業者証明書の提示を求められたときは、この証明書に代えて従業者名簿又は取引主任者証を提示することで足りる。,正しい,正しくない,-,-,-,2,正しくない,宅建業者の従業者は、取引の関係者から従業者証明書の提示の請求があったときは、従業者証明書を提示しなければならない。従業者が取引主任者であっても、従業者名簿や取引主任者証の提示をもって従業者証明書の提示に代えることはできない。
SECT010,Q1530,契約に関する規制,宅地建物取引業者は、その事務所ごとに、従業者名簿を備えなければならず、当該名簿については最終の記載をした日から10年間保存しなければならない。,正しい,正しくない,-,-,-,1,正しい,宅建業者は、その事務所ごとに従業者名簿を備え、最終の記載をした日から10年間保存 しなければ な らない。
SECT010,Q1540,契約に関する規制,宅地建物取引業者は、各事務所の業務に関する帳簿を主たる事務所に備え、取引のあったつど、その年月日、その取引に係る宅地又は建物の所在及び面積等の事項を証載しなければならない。,正しい,正しくない,-,-,-,2,正しくない,帳簿は、事務所ごとに備えなければならない。「主たる事務所に備え」るのではない。
SECT010,Q1550,契約に関する規制,宅地建物取引業者は、その事務所ごとに、その業務に関する帳簿を備え付けなければならず、帳簿の開鎖後5年間(当該宅地建物取引業者が自ら売主となる新築住宅に係るものにあっては10年間)当該帳簿を保存しなければならない。,正しい,正しくない,-,-,-,1,正しい,宅建業者は、その事務所ごとに、その業務に関する帳簿を備えなければならず、その帳簿は各事業年度の末日をもって閉鎖し、閉鎖後5年間 (当該 宅建業者が自ら売主となる新築住宅に係るものに あっては、10年間)保存 しなければならない。
SECT010,Q1560,契約に関する規制,宅地建物取引業者は、その事務所ごとに、その業務に関する帳簿を備え、取引の関係者から請求があったときは、閲覧に供しなければならない。,正しい,正しくない,-,-,-,2,正しくない,宅建業者は、その事務所ごとに、その業務に関する帳簿を備えなければならないが、従業者名簿と異なり、 閲覧の規定はない。
SECT010,Q1570,契約に関する規制,宅地建物取引業者が一団の宅地の分譲を行う案内所において契約行為等を行う場合、当該案内所には国土交通大臣が定めた報酬の額を掲示しなければならない。,正しい,正しくない,-,-,-,2,正しくない,宅建業者は、案内所には報酬の額を掲示する必要がない(なお、間159までにおいて、契約行為等とは、宅地若しくは建物の売買若しくは交換の契約(予約を含む。)若しくは宅地若しくは建物の売買、交換若しくは貸借の代理若しくは媒介の契約を締結し、又はこれらの契約の申込みを受けることをいう)。
SECT010,Q1580,契約に関する規制,宅地建物取引業者は、事務所以外の継続的に業務を行うことができる施設を有する場所においては、契約行為等を行わない場合であっても、専任の取引主任者を1人以上置くとともに国土交通省令で定める標識を掲示しなければならない。,正しい,正しくない,-,-,-,2,正しくない,宅建業者は、事務所以外の継続的に業務を行うことができる施設を有する場所において、契約を締結 しまたは契約の申込みを受ける場合には、専任の取引主任者を置かなければならない。従って、契約行為等 を行わない場合には、専任の取引主任者を置 く必要はない。なお、標識の掲示が必 要である点は正 しい。
SECT010,Q1590,契約に関する規制,宅地建物取引業者は、一回の宅地の分譲を行う案内所で契約行為等を行う場合、その案内所で業務を開始する日の10日前までに、その案内所の所在地等について、免許を受けた国土交通大臣又は都道府県知事及び案内所の所在地を管轄する都道府県知事に届け出なければならない。,正しい,正しくない,-,-,-,1,正しい,案内所等の届出は、業務を開始する日の10日前までに、免許権者と案内所等の所在地を管轄する 業 =□ 都道府県知事に対 して行わなければならない。
SECT010,Q1600,契約に関する規制,宅地建物取引業者B社は、10戸の一団の建物の分譲の代理を案内所を設置して行う場合、当該案内所に従事する者が6名であるときは、当該案内所に少なくとも2名の専任の取引主任者を設置しなければならない。,正しい,正しくない,-,-,-,2,正しくない,宅建業者は、他の宅建業者が行う一団の宅地・建物の分譲の代理・媒介を案内所を設置して行う場 合において、そこで契約を締結し、または契約の 申込みを受けるときは、当該案内所に専任の取引 主任者を置かなければならない。 しかし、その数 は 人以上で足り、従業者数5人に対して1人以 上である必要はない。
SECT010,Q1610,契約に関する規制,宅地建物取引業者C(国土交通大臣免許)は、宅地建物取引業法第50条第2項の規定により同法第15条第1項の国土交通省令で定める場所について届出をする場合、国土交通大臣及び当該場所の所在地を管轄する都道府県知事に、それぞれ直接届出書を提出しなければならない。,正しい,正しくない,-,-,-,2,正しくない,50条2項の届出 (案内所等の届出)は、免許権者と案内所等の所在地を管轄する都道府県知事に対して行うが、国土交通大臣へは「直接届出書を提出」するのではなく、案内所等の所在地を管轄する都道府県知事を経由して行う。
SECT010,Q1620,契約に関する規制,宅地建物取引業者A社は、マンション(100戸)を分譲する場合において、売買契約の締結をせず、契約の申込みの受付も行わない案内所を設置するときは、宅地建物取引業法第50条第1項に規定する標識を掲示する必要はない。,正しい,正しくない,-,-,-,2,正しくない,宅建業者は、一国の宅地・建物の分譲を行うための案内所には、公衆の見やすい場所に標識を提示しなければならない。このことは、その場所で契約の締結や申込の受付を行うかどうかに関係ない。
SECT010,Q1630,契約に関する規制,宅地建物取引業者A社(国土交通大臣免許)が行う宅地建物取引業者B社(甲県知事免許)を売主とする分譲マンション(100戸)に係る販売代理について、A社が単独で当該マンションの所在する場所の隣地に案内所を設けて売買契約の締結をしようとする場合、A社は、マンションの所在する場所に宅地建物取引業法第50条第項の規定に基づく標識を掲げなければならないが、B社は、その必要がない。,正しい,正しくない,-,-,-,2,正しくない,宅建業者は、一団の宅地の分譲をする場合における当該宅地・建物所在場所に標識を刑事しなければならないが、kの義務は売主である宅建業者に課されている。当該マンションの所在する場所に標識に提示しなければならないのはB社であり、本問は逆の記述である。
SECT010,Q1640,契約に関する規制,宅地建物取引業者は、その事務所ごとに、公衆の見やすい場所に、免許証及び国土交通省令で定める標識を掲げなければならない。,正しい,正しくない,-,-,-,2,正しくない,免許証を刑事する義務はない。なお、標識の刑事義務については正しい。
SECT011,Q1650,クーリングオフ制度,"宅地建物取引業者Aが自ら売主として宅地建物取引業者でない買主Bと土地付建物の売買契約を締結するに際し、BがAの事務所において買受けの申込みをした場合は、売買契約を締結した場所がAの事務所であるか否カ
にかかわらず、Bはクーリング・オフにより売買契約を解除することができない。",正しい,正しくない,-,-,-,1,正しい,クーリング・ォフができるかどうかは、買受けの申込の場所を基準に判断する。本問では、買受けの申込が事務所で行われているので、Bは売買契約を解除することができない。売買契約の締結場所がどこであるかは関係ない。
SECT011,Q1660,クーリングオフ制度,宅地建物取引業者Aが、自ら売主となり、宅地建物取引業者でない買主Bとの間で宅地の売買契約を締結する際し、Bは、自ら指定した知人の宅地建物取引業者C(CはAから当該宅地の売却について代理又は媒介の依頼を受けていない。)の事務所で買受けの申込みをし、その際にAからクーリング。オフについて何も告げられず、翌日、Cの事務所で契約を締結した場合、Bは売買契約をクーリング・オフにより解除することができない。,正しい,正しくない,-,-,-,2,正しくない,売主である宅建業者から代理・媒介の依頼を受けた宅建業者の事務所で買受けの申込をした場合には、クーリング・ォフ制度が適用 されない。しかし、本問では売主から代理・媒介の依頼を受けていない宅建業者の事務所で買受けの申込をしているので、クーリングオフ制度の適用がある。
SECT011,Q1670,クーリングオフ制度,宅地建物取引業者Aが、自ら売主となり、宅地建物取引業者でない買主との間で宅地の売買契約を締結するに際し、買主Bは自らの希望により勤務先で売買契約に関する説明を受けて買受けの申込みをし、その際にAからクーリング・オフについて何も告げられずに契約を締結した。この場合、Bは、当該契約の締結の日から8日を経過するまでは、クーリング・オフにより契約の解除をすることができる。,正しい,正しくない,-,-,-,2,正しくない,買主の自宅や勤務先は、買主が申し出た場合には事務所等にあたる。したがって、そこで申込みや 業 契約締結が行われた場合には、クーリング・オフ 法制度は適用されない。
SECT011,Q1680,クーリングオフ制度,宅地建物取引業者Aが、自ら売主となり、宅地建物取引業者でない買主Bとの間で宅地の売買契約を締結するに際し、Bが、自ら指定したホテルのロビーで買受けの申込みをし、その際にAからクーリング・オフについて何も告げられず、その3日後、Aのモデルルームで契約を締結した場合、Bは売買契約をクーリング・オフにより解除することができる。,正しい,正しくない,-,-,-,1,正しい,「ホテルのロビー」は事務所等にあたらないので、本問の売買契約には、クーリングオフ制度の適用がある。
SECT011,Q1690,クーリングオフ制度,宅地建物取引業者Aが、自ら売主となり、宅地建物取引業者でない買主Bとの間で宅地の売買契約を締結するに際し、Bは、テント張りの案内所で買受けの申込みをし、その際にAからクーリング・オフについて書面で告げられ、契約を締結した。その5日後、代金の全部を支払い、翌日に宅地の引渡しを受けた。この場合、Bは売買契れをクーリング・オフにより解除することができる。,正しい,正しくない,-,-,-,2,正しくない,「テント張りの案内所」は事務所等にあたらないので、本問の売買契約には、クーリング・オフ制度の適用がある。もっとも、クーリング・オフ できる旨とその方法を書面で告げられた日から8日間経過したとき、または宅地・建物の引渡しをうけ、かつ代金の全部を支払ったときは、クーリングオフ出来なくなる。本問の場合、後者にあたるので、Bは売買契約を解除することはできない。
SECT011,Q1700,クーリングオフ制度,売主を宅地建物取引業者であるA、買主を宅地建物取引業者でないBとする宅地の売買契約において、買受けの申込及び売買契約の締結が事務所等以外の場所で行われていたが、AがBに対し、売買契約の解除ができる旨及びその方法について口頭でのみ説明を行った場合、当該宅地の引渡しを受けていなければ、当該告知から何日を経過していても、Bはクーリング・オフによる契約の解除が可能である。,正しい,正しくない,-,-,-,1,正しい,買主等は引渡 しを受け、かっ代金の全部を支払ったときはクーリングオフをするkとができないが、本問では引渡しを受けていないので、これに該当しない。また、クーリング・オフ期間は書面で告げられた日から起算するので、口頭でのみ説明を行った本問では、クーリングオフ期間は起算されていない。従って、Bは告知から何日を経過していても、クーリングオフが可能である。
SECT011,Q1710,クーリングオフ制度,宅地建物取引業者Aが、自ら売主となり、宅地建物取引業者でない買主との間で宅地の売買契約を締結するに際し、買主Dはレストランにおいて買受けの申込みをし、その際にAからクーリング。オフについて書面で告げられ、契約を締結した。この場合、Dは、当該契約の締結をした日の5日後においては、書面を発しなくてもクーリングオフにより契約の解除をすることができる。,正しい,正しくない,-,-,-,2,正しくない,「レストラ冽 は事獅 等にあたらないので、本問の売買契約にはクーリング・オフ制度が適用される。しかし、クーリング・オフはその書面を発したときに効力を生ずるので、「書面を発しなくてもクーリングオフにより契約の解除をすることができる」とする本問は誤り。
SECT011,Q1720,クーリングオフ制度,宅地建物取引業者Aが、自ら売主となり、宅地建物取引業者でない買主Bとの間で宅地の売買契約を締結するに際し、Bは、喫茶店で買受けの申込みをし、その際にAからクーリングオフについて書面で告げられ、翌日、喫茶店で契約を締結した。その5日後、契約解除の書面をAに発想し、その3日後に到達した。この場合、Bは売買契約をクーリングオフにより解除することができない。,正しい,正しくない,-,-,-,2,正しくない,「喫茶店」は事務所等に当たらないので、本問の売買契約には、クーリングオフ制度の適用がある。そして、クーリンクオフをする旨の書面を発したときに解除の効力が生ずるので、書面で告げられた日の6日 にクーリング オフをしている本問では、売買契約を有効に解除することがで きる。
SECT011,Q1730,クーリングオフ制度,宅地建物取引業者A社が、自ら売主として宅地建物取引業者でない買主Bとの間で締結した投資用マンションの売買契約について、契約解除に伴う違約金の定めがある場合、クーリング・オフによる契約の解除が行われたときであっても、A社は、違約金の支払を請求することかできる。,正しい,正しくない,-,-,-,2,正しくない,宅建業者は、クーリング オフに伴 う損害賠償または違約金の請求をすることができない。
SECT012,Q1740,瑕疵担保責任の特約の制限等,宅地建物取引業者A社が、自ら売主として宅地建物取引業者でない買主Bとの間で建物の売買契約を締結するに際し、Bは、ホテルのロビーにおいて買受けの申込みをし、その際にA社との間でクーリングオフによる契約の解除をしない旨の合意をした上で、後日、売買契約を締結した。kの場合、仮にBがクーリング・オフによる当該契約の解除を申し入れたとしても、A社は、当該合意に基づき、Bからの契約の解除を拒むことができる。,正しい,正しくない,-,-,-,2,正しくない,「ホテルののロビー」は事務所等にあたらないので 本問の契約には、クーリング・オフ制度の適用がある。そして、クーリング・オフについて買主等 に不利な特約は無効なので、クーリング・オフし ない旨の特約は無効になる。 したがって、A社は、 原則としてBか らの契約の解除を拒むことはできない。
SECT012,Q1750,瑕疵担保責任の特約の制限等,宅地建物取引業者Aが自ら売主として、B所有の甲宅地を、宅地建物取引業者でない買主Cに売却する場合において、Aは、甲宅地の造成工事の完了後であれば、Bから甲宅地を取得する契約の有無にかかわらず、Cとの間で売買契約を締結することができる。,正しい,正しくない,-,-,-,2,正しくない,"宅建業者は、自己の所有に属しない宅地・建物に ついては、自ら売主となる売買契約 (予約を含む) を締結できないのが原則である。ただし、宅建業 者が当該宅地・建物を取得する契約 (予約を含み、停止条件付 きのものを除 く)を 締結 しているとき 等は、自己の所有に属 しない宅地・建物の売買契 約を締結することができる。 したがって、「Bか
ら甲宅地を取得する契約の有無にかかわらず」と する本問は誤り。"
SECT012,Q1760,瑕疵担保責任の特約の制限等,宅地建物取引業社Aが自ら売主として、B所有の甲宅地を、宅地建物取引業社でない買主Cに売却する場合において、Aは、Bから甲宅地を取得する契約が締結されているときであっても、その取得する契約に係る代金の一部を支払う前であれば、Cとの間で売買契約を締結することができない。,正しい,正しくない,-,-,-,2,正しくない,当該宅地・建物を取得する契約を締結しているときは、自己の所有に属しない宅地・建物の売買契約を締結することができる。代金の支払いがあるかどうかは関係ない。
SECT012,Q1770,瑕疵担保責任の特約の制限等,Iの初秋する宅地について、宅地建物取引業社Aは自ら売主となってIと停止条件付で取得する売買契約を締結し、その条件が成就する前に当該物件について宅地建物取引業者でないJと売買契約を締結した場合、宅地建物取引業法の規定に違反する。,正しい,正しくない,-,-,-,1,正しい,Iの所有する宅地について、AはIと売買契約を 締結しているが、その契約には停止条件が付いて いる。したがって、AがJと売買契約 を締結 したことは、 宅建業法に違反する。
SECT012,Q1780,瑕疵担保責任の特約の制限等,宅地建物取引業者Aが自ら売主として、B所有の甲宅地を、宅地建物取引業者でない買主Cに売約する場合において、Aは、甲宅地の売買が宅地建物取引業法第41条第1項に規定する手付金等の保全措置が必要な売買に該当するとき、Cから受取る手付金について当該保全措置を講じておけば、Cとの間で売買契約を締結することができる。,正しい,正しくない,-,-,-,1,正しい,未完成物件について手付金等の保全措置が講じられている場合は自己の所有に属 しない宅 地・建物の売買契約を締結することができる。宅 建業法41条 1項に規定する手付金等の保全措置 とは、未完成物件についての手付金等の保全措置なので、それが講じられている本間では、AC間 の売買契約を締結することができる。
SECT012,Q1790,瑕疵担保責任の特約の制限等,宅地建物取引業者Eは、Fの所有する宅地を取得することを停止条件として、宅地建物取引業者Gとの間で自ら売主として当該宅地の売買契約を締結した場合、宅地建物取引業法の規定に違反しない。,正しい,正しくない,-,-,-,1,正しい,自己の所有に属 しない物件の売買制限は自ら売主制限の 1つ なので、本間のように買主が宅建業者の場合には適用 されない。
SECT012,Q1800,瑕疵担保責任の特約の制限等,宅地建物取引業者Aが、自ら売主として宅地建物取引業者でないBとの間で宅地(代金2000万円)の売買契約を締結する場合、Aは、当該宅地のI眼疵についてAが担保の責任を負うべき期間を当該宅地の引渡しの日から3年とする特約をすることができる。,正しい,正しくない,-,-,-,1,正しい,宅建業者が自ら売主となる売買契約においては、責任期間を引渡しの日から2年以上とするものをのぞき、瑕疵担保責任につき買主に不利な特約は無 法効 となる。本問のよ うな引渡 しの 日か ら3年 とす る特約は、引渡 しの日から2年以上なので有効で ある。
SECT012,Q1810,瑕疵担保責任の特約の制限等,宅地建物取引業者Aが、自ら売主として、宅地建物取引業者でないBと建物の売買契約を締結しようとする場合、「建物に隠れた瑕疵があった場合、その瑕疵がAの責に帰すことのできるものでないときは、AはI眼疵担保責任を負わない」とする特約は有効である。,正しい,正しくない,-,-,-,2,正しくない,民法の規定によれば、瑕疵が売主の責めに帰すことのできるものでないとき(暇疵が売主のせいで発生 したものでないとき)で も、売主は、暇疵担保責任を負う(無過失責任)。そして、民放の規定より買主に不利な特約は、責任期間を引渡 しの日から2年以上とするものを除き、無効になる。したがって、本間の特約は無効である
SECT012,Q1820,瑕疵担保責任の特約の制限等,宅地建物取引業者A社が、自ら売主として、宅地建物取引業者でない買主Bの売買を代理する宅地建物取引業者c社との間で新築戸建住宅の売買契約を締結するに際して、当該住宅の瑕疵担保責任を負う期間についての特約を定めなかった場合、宅地建物取引業法の規定に違反する。,正しい,正しくない,-,-,-,2,正しくない,瑕疵担保責任の特約の制限は、特約をする場合の内容の制限であり、特約をすることを義務づける ものではない。したがって、特約をしないことは宅建業法に違反 しない。
SECT012,Q1830,瑕疵担保責任の特約の制限等,宅地建物取引業者Aが、自ら売主として、宅地建物取弓業者でない買主Bとの間で締結した中古住宅の売買契約において、当該住宅を現状有姿で引き渡すとする特約と、Aが瑕疵担保責任を負わないこととする特約とを定めた場合、その特約はいずれも有効である。,正しい,正しくない,-,-,-,2,正しくない,瑕疵担保責任について、民法の規定より買主に不利な特約は、原則として無効である。従って、Aが瑕疵担保責任を負わないとする特約は無効であり、有効とする本問は誤り。なお、現状有姿(現状のまま)で引き渡す旨の特約は、特に禁止されていないので有効である。
SECT012,Q1840,瑕疵担保責任の特約の制限等,宅地建物取引業者Aが、自ら売主として、宅地建物取引業者でない買主Bとの間で建物の売買契約を締結する前に、宅地建物取引業法第35条の規定に基づく重要事項として当該建物の瑕疵の存在について説明し、売買契約においてAは当該瑕疵について担保責任を負わないとする特約を定めた場合、その特約は有効である。,正しい,正しくない,-,-,-,1,正しい,瑕疵担保責任は、隠れた瑕疵についての責任である従って、契約締結前に瑕疵の存在について説明すれば当該瑕疵は「隠れた瑕疵」ではなくなり、瑕疵担保責任の対象ではなくなる。従って、当該瑕疵について担保責任を負わない旨の特約は、もともと瑕疵担保責任の対象でないものについて責任を負わない旨を定めたにすぎず、買主に不利ではない。従って、その特約は有効である。
SECT012,Q1850,瑕疵担保責任の特約の制限等,宅地建物取引業者Aが、自ら売主として、宅地建物取引業者でない買主Bとの間で締結した建物の売買契約において、Aは暇疵担保責任を一切負わないとする特約を定めた場合、この特約は無効となり、Aが瑕疵担保責任を負う期間は当該建物の引渡しの日から2年間となる。,正しい,正しくない,-,-,-,2,正しくない,瑕疵担保責任を一切負わない旨の特約は、買主に不利な特約なので無効である。しかし、この場合、責任期間は「引渡しの日から2年間」にはならないので、本問は誤り。すなわち、自ら売主制限においては「引渡しの日から2年以上」という特約が許されるというだけであり、特約がなければ「引渡しの日から2年間」にはならない。
SECT012,Q1860,瑕疵担保責任の特約の制限等,宅地建物取引業者A社は、自ら売主として宅地建物取引業者でない買主Bとの間で締結する建築工事完了後の建物の売買契約において、当事者の債務の不履行を理由とする契約の解除に伴う損害賠償の額を予定し、違約金を定める場合、これらを合算した額について代金の額の10分の1とする旨の特約を定めることができる。,正しい,正しくない,-,-,-,1,正しい,宅建業者が自ら売主となる売買契約において損害賠償額の予定や違約金の定めをするときには、それらの合計額が代金額の2割を超えてならない。従って、合計額を代金額の10分の1とする特約を定めることはできる。
SECT012,Q1870,瑕疵担保責任の特約の制限等,宅地建物取引業者A社が、自ら売主として宅地建物取引業者でない買主Cと建築工事完了後の新築分譲マンション(代金3000万円)の売買契約を締結するに際して、当事者の債務不履行を理由とする契約解除に伴う損害賠償の予定額300万円に加え、違約金を600万円とする特約を定めた場合、違約金についてはすべて無効である。,正しい,正しくない,-,-,-,2,正しくない,宅建業者が自ら売主となる売買契約において損害賠償額の予定や違約金の定めをするときには、それらの合計額が代金額の2割を超えてはならない。2割を超える定めは、超える部分につき無効になる。「違約金については全て無効」となるのではない。
SECT012,Q1880,瑕疵担保責任の特約の制限等,宅地建物取引業者Aは、自ら売主となり、宅地建物取引業者でない買主Bとの間で、中古住宅及びその敷地である土地を、代金3500万円、うち手付金500万円で売買契約を締結した。債務不履行を理由とする契約の解除に伴う損害賠償額の定めがない場合、損害賠償の請求額は、売買代金の額の2害」である700万円が上限である。,正しい,正しくない,-,-,-,2,正しくない,宅建業者が自ら売主となる売買契約に置いて、損害賠償額の予定や違約金を定めるときは、あわせて代金額の2割を超えてはならない。しかし、損害賠償額の予定がない場合の請求額は、この制限とは無関係であり、代金額の2割に制限されない。
SECT012,Q1890,瑕疵担保責任の特約の制限等,宅地建物取引業者Aが、自ら売主として宅地建物取引業者でない買主Bとの間で宅地の売買契約を締結した際に、当事者の債務不履行を理由とする契約の解除に伴う損害賠償の予定額を定めていない場合、損害賠償の請求額は売買代金の額を超えてはならない。,正しい,正しくない,-,-,-,2,正しくない,損害賠償額の予定額を定めていない場合に請求額が売買代金の額を超えてはならないとの規定はない。
SECT013,Q1900,手付金の制限等、手付金等の保全措置、その他売主制限,宅地建物取引業者Fが自ら売主となって、宅地建物取引業者でないGと宅地の売買契約を締結するに際して手付金を受領する場合において、その手付金が解約手付である旨の定めがないときは、Fが契約の履行に着手していなくても、Gは手付金を放棄して契約の解除をすることができない。,正しい,正しくない,-,-,-,2,正しくない,宅建業者が自ら売主となる売買契約において手付が支払われたときは、当事者の一方が履行に着手するまでは、買主は手付を放棄して、売主は手付の倍額を償還して、契約を解除することができる(解約手付)。このことは、当事者の間で手付が解約手付であると定めたかどうかに関係ない。
SECT013,Q1910,手付金の制限等、手付金等の保全措置、その他売主制限,宅地建物取引業者Aが、自ら売主として宅地建物取引業者でないBとの間で宅地(代金2000万円)の売買契約を締結する場合、Aは、Bの承諾がある場合においても、「Aが契約の履行に着手した後であっても、Bは手付を放棄して、当該売買契約を解除することができる」旨の特約をすることができない。,正しい,正しくない,-,-,-,2,正しくない,解約手付について、買主に不利な特約は無効である。しかし、本問の特約は、買主が解除出来る時期を延ばすものであって、買主に不利ではないので有効である。
SECT013,Q1920,手付金の制限等、手付金等の保全措置、その他売主制限,宅地建物取引業者Aが、自ら売主として、宅地建物取引業者でないBと建物の売買契約を締結する場合において、Bが契約の履行に着手するまでにAが売買契約の解除をするには、手付の3倍に当たる額をBに償還しなければならないとの特約を定めることができる。,正しい,正しくない,-,-,-,1,正しい,解約手付について、買主に不利な特約は無効である。しかし、売主は手付の3倍の額を償還 しなければ解除できないという特約は、買主に不利ではないので、することができる
SECT013,Q1930,手付金の制限等、手付金等の保全措置、その他売主制限,宅地建物取引業者Aが、自ら売主として宅地建物取引業者でない買主Bとの間で宅地の売買契約を締結した際に、Aが、当該売買契約の解除を行う場合は、Bに対して「手付の倍額を償還して、契約を解除する。」という意思表示を書面で行うことのみをもって、契約を解除することができる。,正しい,正しくない,-,-,-,2,正しくない,手付の倍額を償還 して売買契約を解除する場合に は、実際に倍額を持参する ( 現実の提供)必要がある。買主が手受を放棄して解除する場合には、既に放棄する分の手付けが売主のもとにあるので、そのこととのバランスをとるために、売主が解除する場合には現実の提供が必要だとされている。 したがって、解除する旨の意思表示を書面でするだけでは解除することができない。
SECT013,Q1940,手付金の制限等、手付金等の保全措置、その他売主制限,宅地建物取引業者Aが、自ら売主として宅地建物取引業者でない買主Bとの間で宅地の売買契約を締結した際に、Aは、当該売買契約の締結日にBから手付金を受領し、翌日、Bから内金を受領した。その2日後、AがBに対して、手付の倍額を償還することにより契約解除の申出を行った場合、Bは、契約の履行に着手しているとしてこれを拒むことができる。,正しい,正しくない,-,-,-,1,正しい,内金とは、代金の一部として支払われる金銭のことである。代金を支払うことは契約の履行にあたるので、Bが内金を支払っている本間では、Bは 契約の履行に着手しており、Aは手付の倍額の償 還によって契約 を解除することができない。
SECT013,Q1950,手付金の制限等、手付金等の保全措置、その他売主制限,自らが売主である宅地建物取引業者Aと、宅地建物取引業者でないBが締結した建物の売買契約において、Bが手付金の放棄による契約の解除ができる期限について、金融機関からBの住宅ローンの承認が得られるまでとする旨の定めをした。この場合において、Aは、自らが契約の履行に着手する前であれば、当該承認が得られた後は、Bの手付金の放棄による契約の解除を拒むことができる。,正しい,正しくない,-,-,-,2,正しくない,解約部 について、買主に不利な特約は無効である。したがって、ローンの承認が得られた後でも、Bは、Aが履行に着手する前であれば、手付金を放棄して契約を解除することができ、Aは解除を拒むことが出来ない。
SECT013,Q1960,手付金の制限等、手付金等の保全措置、その他売主制限,宅地建物取引業者Aは、自ら売主となる建物(代金5000万円)の売買に際し、あらかじめ買主の承諾を得た上で、代金の30%に当たる1500万円の手付金を受領した場合、宅地建物取引業法の規定に違反しない。,正しい,正しくない,-,-,-,2,正しくない,宅建業者は、自ら売主となる売買契約の締結に際して、代金の2割を超える額の手付を受領することはできない。 したがって、30%(3割 )の手付金を受領している本問は、宅建業法に違反する。
SECT013,Q1970,手付金の制限等、手付金等の保全措置、その他売主制限,宅地建物取引業者A社は、自ら売主として宅地建物取引業者でない買主Bとの間で、中古マンション(代金2000万円)の売買契約を締結し、その際、代金に充当される解約手付金200万円を受領した。引渡前に、A社は、代金に充当される中間金として100万円をBから受領し、その後、手付金と中間金について宅地建物取引業法第41条の2に定める保全措置を講じた場合、宅地建物取引業法の規定に違反する。,正しい,正しくない,-,-,-,1,正しい,宅建業者は、自ら売主となる売買契約においては、原則として、保全措置を講じた後でなければ、手 付金等を受領 してはならない。ただし、買主が登記したとき、または、受領しよとする手付金等の額が、ェ事完了前に売買契約を締結 した場合は、代金額の5%以下かつ1000万円以下、 工事完了後に売買契約を締結 した場合は、代金額 の 10%以下かつ1000万円以下のときは、保全措置を講じなくても手付金等を受領することがで きる。そして、保全措置の要否は、すでに受領 し た額も含めた額で判断する。本間では、中間金を受領する段階で合計額が代金額の10%で ある 200万 円を超える。 したがって、中間金を受領す るまでに保全措置を講じなければならない。
SECT013,Q1980,手付金の制限等、手付金等の保全措置、その他売主制限,宅地建物取引業者Aが、自ら売主として宅地建物取引業者でない買主Bとの間で、建築工事完了前のマンションの売買契約を締結するに当たり、手付金の受領後遅滞なく保全措置を講じる予定である旨を、AがあらかじめBに文寸して説明したときは、Aは、保全措置を講じることなく当該マンションの代金の額の10%に相当する額を手付金として受領することができる。,正しい,正しくない,-,-,-,2,正しくない,保全措置は、手付金等を受領するまでに講じなければならない。従って、受領後遅滞なく保全措置を講 じる予定である旨を説明 しても、代金額の10%相 当額の手付金を受領することはできな い 。
SECT013,Q1990,手付金の制限等、手付金等の保全措置、その他売主制限,宅地建物取引業者Aが、自ら売主として宅地建物取引業者でない買主Bとの間で、建築工事完了前のマンションの売買契約を締結するに当たり、当該マンションの代金の額の10%に相当する額の中間金を支払う旨の定めをした。Aが保全措置を講じないことを理由に、Bが当言中間金を支払わないときは、Aは、Bの当該行為が債菱不履行に当たるとして契約を解除することができる。,正しい,正しくない,-,-,-,2,正しくない,宅建業者が保全措置を講じないときは、買主は、手付金等を支払わないことができる。従って、Bが中間金おw支払わないことは債務不履行にあたらず、Aは契約を解除することができない。
SECT013,Q2000,手付金の制限等、手付金等の保全措置、その他売主制限,地建物取引業者A社が、自ら売主として宅地建物取引業者でない買主Bと建築工事完了前のマンション(代金3000万円)の売買契約を締結し、Bから手付金200万円を受領した。Bが売買契約締結前に申込証拠金5万円を支払っており、当該契約締結後、当該申込証拠金が仁金に充当されるときは、A社は、その申込証拠金に相≧する額についても保全措置を講ずる必要がある。,正しい,正しくない,-,-,-,1,正しい,手付金等とは、代金としては授受されるか代金に充当される金銭であって、契約締結日以後宅地・建物の引渡し前に支払われるものをいう。したがって、契約締結後、申込証拠金が代金に充当される ときは、当該申込証拠金も手付金等に含まれ、保全措置の対象となる。
SECT013,Q2010,手付金の制限等、手付金等の保全措置、その他売主制限,宅地建物取引業者Aは、自ら売主として、宅地建物取引業者でないBとの間で、建築工事完了前の建物に係る売買契約(代金5000万円)を締結した。Aは、宅地建物取引業法第41条に定める手付金の保全措置を講じた上で、Bから2000万円を手付金として受領した場合、他t口建物取引業法に違反しない。,正しい,正しくない,-,-,-,2,正しくない,宅建業者は、自ら売主となる売買契約の締結に際して、代金の: を超える額の手付を受領するこ とはできない。このことは、保全措置を講じるか どうかには関係ない。 したがって、代金5000万円の2割(1000万円)を超える2000万円の手 付金 を受領 したことは、宅建業法に違反する
SECT013,Q2020,手付金の制限等、手付金等の保全措置、その他売主制限,宅地建物取引業者Aが、自ら売主として宅地建物取引業者でない買主Bとの間で、建築工事完了前のマンションの売買契約を締結するに当たり、Aが受領した手付金の返還債務を連帯して保証することを委託する契約をAとAの代表取締役との間であらかじめ締結したときは、Aは、当該マンションの代金の額の20%に相当する額を手付金として受領することができる。,正しい,正しくない,-,-,-,2,正しくない,工事完了前に売買契約を締結した場合、保全措置の方法は、銀行等による保証、保険事業者による保証保険の2つである。売主である宅建業者の代表取締役が連帯保証をすることは、保全措置に当たらない。したがって、Aは、保全措置を講じていないので、代金額の20%相当額の手付金を受領することはできない。
SECT013,Q2030,手付金の制限等、手付金等の保全措置、その他売主制限,宅地建物取引業者A社が、自ら売主として、宅地建物取引業社でない買主Cとの間で、宅地の割賦販売の契約を締結したが、Cが賦払金の支払を遅延した。A社は20日の期間を定めて書面にて支払を催告したが、Cがその期間内に賦払金を支払わなかったため、契約を解除した場合、A社の行為は、宅地建物取引業法の規定に違反する。,正しい,正しくない,-,-,-,1,正しい,宅建業者は、自ら売主となる割賦販売契約について賦払金の支払いの義務が履行されない場合においては、30日以上の相当の期間を定めてその支払を書面で催告し、その期間内にその義務が履行されないときでなければ、賦払金の支払いの遅滞 を理由として、契約を解除 し、または支払時期 の到来 していない賦払金の支払いを請求すること ができない。 したがって、20日 間の期間を定め て催告 したうえで解除 している本間は、宅建業法 に違反する。
SECT013,Q2040,手付金の制限等、手付金等の保全措置、その他売主制限,宅地建物取引業者は自ら売主となって宅地建物取引業者でないBとの間で宅地の害1賦販売の契約(代金3000万円)を締結し、当該宅地を引き渡した。この場合において、Aは、Bから1500万円の賦払金の支払を受けるまでに、当該宅地に係る所有権の移転登記をしなければならない。,正しい,正しくない,-,-,-,2,正しくない,代金の3割を超える額の支払いを受けていないときは、所有権留保の禁止の例外として、移転登記をしないことが許 される。 この場合、代金の 3割 を超える支払いを受けるまでに、移転登記をしな ければならない。本間では900万円 (3000万円の3割)を超える支払を受けるまでであり、「1500万円」ではない。
SECT014,Q2050,報酬に関する制限,宅地建物取引業者A(消費税課税事業者)は売主から代理の依頼を、宅地建物取引業者B(消費税課税事業者)は買主から媒介の依頼を、それぞれ受けて、代金4000万円の宅地の売買契約を成立させた場合、Aは売主から264万6000円、Bは買主から132万3000円の報酬をそれぞれ受けることができる。,正しい,正しくない,-,-,-,2,正しくない,4000万円の売買を媒介・代理 した場合、報酬合計額の上限額(税抜き)は、4000万円×3%＋6万円＝126万円の2倍である252万円で、消費税5%を上乗せすれば、264万6000円である。従って、本問のように合計で396万9000円の報酬を受けることはできない。
SECT014,Q2060,報酬に関する制限,宅地建物取引業者A(消費税課税事業者)が売主B(消費税課税事業者)からB所有の土地付建物の媒介以来を受け、買主Cとの間で売買契約を成立させた場合、AがBから受領出来る報酬の限度額(消費税額及び地方消費税額を含む。)は159万円である。なお、土地付建物の代金は5100万円(消費税額及び地方消費税額を合算した額100万円を含む。)とする。,正しい,正しくない,-,-,-,2,正しくない,報酬計算のもとになるのは、本体価格(税抜き価格)である。本問では、代金5100万から消費税・地方消費税100万円を除いた5000万円がもとになる。したがって、AがBから受領できる報酬の限度額は、5000万円×3%＋6万円＝156万円に消費税5%を上乗せした163万8000円となる。
SECT014,Q2070,報酬に関する制限,宅地建物取引業者A社(消費税課税事業者)は売主Bから土地付中古別荘の売却の代理の依頼を受け、宅地建物取引業者C社(消費税課税事業者)は買主Dから別荘用物件の購入に係る媒介の依頼を受け、BとDの間で当該土地付中古別荘の売買契約を成立させた。A社がBから10万円の報酬を受領した場合、C社がDから受領できる報酬の上限額は19万4000円である。なお、当該土地付中古別荘の売買代金は310万円(うち、土地代金は100万円)で、消費税額及び地方消費税額を含むものとする。,正しい,正しくない,-,-,-,2,正しくない,報酬計算の元になるのは、本体価格(税抜き価格)である。土地の売買には消費税が課されないので、土地代金100万円はそのまま本体価格である。建物の売買には消費税が課されるので、建物代金(310万円-100万円)には、問題文のとおり消 費税等が含まれており、本体価格は210万円／1.05=200万円である。 したがって、報酬計算のもとになるのは、これらを合計 した300万 円 になる。 したがって、媒介の依頼を受けたC社が Dか ら受領できる報酬の上限額は、300万 円× 4%＋2万 円=14万円に5%を上乗せ (14万 円 ×1.05)し た14万 7000円 となる。
SECT014,Q2080,報酬に関する制限,宅地建物取引業者A(消費税課税事業者)は、BからB所有の宅地の売却について代理の依頼を受け、Cを買主として代金3000万円で売買契約を成立させた。その際、Bから報酬として、126万円を受領した場合、宅地建物取引業法の規定に違反しない。なお、この場合の取引の関係者は、A、B及びCのみとする。,正しい,正しくない,-,-,-,1,正しい,売買の代理の場合、当事者の一方から媒介の場合の2倍の額まで受領することができるので、Aは、3000万円×3%＋6万円＝96万円の2倍である192万円に課税事業者なので5％を上乗せした201万6000円まで受領することができる。
SECT014,Q2090,報酬に関する制限,宅地建物取引業者A(消費税課税事業者)は、貸主B及び借主Cとの間で建物の貸借の媒介契約を締結し、その1か月後にBC間の建物の貸借契約を成立させたことの報酬として、B及びCそれぞれから建物の借賃の1月分ずつを受領した場合、宅地建物取引業法の規定に違反しない。,正しい,正しくない,-,-,-,2,正しくない,貸借で借賃を基準にする場合、貸主・借主からあわせて貸借の1ヶ月分(に5％または2.5%を上乗せした額)までしか受領することができない。したがって、それぞれから1ヶ月分、すなわちあわせて2ヶ月分を受領している本問は、宅建業法に違反する。
SECT014,Q2100,報酬に関する制限,宅地建物取引業者A(消費税課税事業者)が単独で行う居住用建物の貸借の媒介に関して、Aが依頼者の一方から受けることができる報酬の上限額は、当該媒介の依頼者から報酬請求時までに承諾を得ている場合には、借賃(消費税相当額を含まないものとする。)の1.05か月分である。,正しい,正しくない,-,-,-,2,正しくない,居住用建物の賃貸借を課税事業者が媒介した場合、依頼者の一方から受けることができる報酬の上限額は、依頼を受けるにあたって承諾を得ているときをのぞき、借賃の0.525ヶ月分(0.5ヶ月分に5%を上乗せ)である。依頼を受けたときに承諾を得なければ、その後「報酬請求時までに承諾を得」たとしても、上限額は借賃の0.525ヶ月分である。
SECT014,Q2110,報酬に関する制限,宅地建物取引業者A社(消費税課税事業者)は貸主Bから建物の貸借の代理の依頼を受け、宅地建物取引業者C社(消費税課税事業者)は借主Dから媒介の依頼を受け、BとDの間で賃貸借契約を成立させた。なお、1か月分の借賃は10万円である。建物を店舗として貸借する場合、A社がBから105000円の報酬を受領するときは、C社はDから報酬を受領することはできない。,正しい,正しくない,-,-,-,1,正しい,宅地・建物の賃貸借を課税事業者が媒介した場合、依頼者の僧坊から受けることができる報酬の上限額は、借賃の1.05ヶ月分(1ヶ月分に5%上乗せ)である。本問では、合計の限度額が借賃10万円の1.05花月分である10万5000円である。したがって、A社が10万5000円の報酬を受領すれば、C社は報酬を受領することができない。
SECT014,Q2120,報酬に関する制限,宅地建物取引業者(消費税課税事業者)の媒介により建物の賃貸借契約が成立した場合、宅地建物取引業者が居住用建物以外の建物の貸借の媒介を行う場合において、権利金(権利設定の対価として支払われる金銭であって返還されないものをいう。)の授受があるときは、当該宅地建物取引業者が受領できる報酬額は、借賃(消費税相当額を含まないものとする。)の105月分又は権利全(消費税相当額を含まないものとする。)の額を売買代金の額とみなして算出した金額のいずれか低い方の額を上限としなければならない。,正しい,正しくない,-,-,-,2,正しくない,居住用建物以外の賃貸借の場合、権利金の額をもとに報酬額を計算することができる。また借地んをもとに報酬額を計算することもできる。したがって、いずれか高い方を選択する事が可能であり、「低い方の額を上限」とする本問は誤り。
SECT014,Q2130,報酬に関する制限,宅地建物取引業者A(消費税課税事業者)が単独で貸主と借主の双方から店舗用建物の貸借の媒介の依頼を受け、1か月の借賃25万円(消費税額及び地方消費税額を含む。)、権利金315万円(権利設定の対価として支払われるもので、返還されない。消費税額及び地方消費税額を含む。)の契約を成立させた場合、Aは依頼者の双方から合計で30万円の報酬を受けることができる。,正しい,正しくない,-,-,-,2,正しくない,報酬計算のもとになる額は、税抜きの借賃である。従って、借賃を基準にした場合の報酬合計額の上限額は、25万円である。すなわち、税込み借賃25万円を1.05で割って税抜き借賃を求め、これに5%上乗せ(×1.05)するので、25万円／1.05×1.05＝25万円となる。また、権利金を基準にした場合には、税抜きの権利金額である300万(＝315万／1.05)円×4%＋2万円＝14万円に5％上乗せした14万7000円うい一方から受けることができるので、合計では29万4000円が上限額である。したがって、借賃・権利金のどちらを基準にしても、合計30万円の報酬を受けることはできない。
SECT014,Q2140,報酬に関する制限,宅地建物取引業者(消費税課税事業者)の媒介により建物の賃貸借契約が成立した場合、依頼者と宅地建物取引業者との間であらかじめ報酬の額を定めていなかったときは、当該依頼者は宅地建物取引業者に対して国土交通大臣が定めた報酬の限度額を報酬として支払わなければならない。,正しい,正しくない,-,-,-,2,正しくない,国土交通大臣が定めた報酬の限度額は、あくまでも限度額であり、報酬額の定めがないときの報酬額を決めるものではない。
SECT014,Q2150,報酬に関する制限,宅地建物取引業者A(消費税課税事業者)は、B所有の建物について、B及びCから媒介の依頼を受け、Bを貸主、Cを借主とする定期借家契約を成立させた。1か月分の借賃は13万円、保証金(Cの退去時にCに全額返還されるものとする。)は300万円である。建物が店舗用である場合、AがCから受け取ることができる報酬の限度額は、14万7000円である。,正しい,正しくない,-,-,-,2,正しくない,居住用建物以外の賃貸借の場合、権利金 (権利設定の対価で、返還されないもの)の額をもとに報酬額 を計算することができる。 しか し、本問の保証金は、退去時に返還されるものなので、権利金 にあたらない。 したがって、本間では、借賃のみ をもとに計算することになる。そうすると、報酬 の限度額は、借賃月額13万円にAが課税事業者 なので5%を上乗せ した13万6500円 になる。
SECT014,Q2160,報酬に関する制限,宅地建物取引業者は、建物の貸借の媒介において広告を行った場合には、依頼者の依頼の有無にかかわらず、報酬とは別に当該広告の料金に相当する額を受領することができる。,正しい,正しくない,-,-,-,2,正しくない,宅建業者は、依頼者の特別の依頼に基づく特別の費用については、報酬のほかに受け取ることがで き る 。 し た が っ て 、「 依 頼 者 の 依 頼 の 有 無 に か か わ らず」 とす る本問は誤 り。
SECT014,Q2170,報酬に関する制限,宅地建物取引業者Aは、B所有の建物について、B及びCから媒介の依頼を受け、Bを貸主、Cを借主とする定期借家契約を成立させた。定期借家契約の契約期間が終了した直後に、AがBC間の定期借家契約の再契約を成立させた場合にAが受け取る報酬については、宅地建物取引業法の規定は適用されない。,正しい,正しくない,-,-,-,2,正しくない,定期借家契約の再契約に関して宅建業者が受取る報酬についても、報酬額の制限の規定が適用される。
SECT015,Q2180,監督処分・罰則,国土交通大臣に宅地建物取引業を営む旨の届出をしている信託業法第3条の免許を受けた信託会社は、宅地建物取引業の業務に関し取引の関係者に損害を与えたときは、指示処分を受けることがある。,正しい,正しくない,-,-,-,1,正しい,信託会社は、宅建業を営む旨の届出をすれば、免許を受けなくても宅建業を営むことができるが、免許に関するもの以外の規定の適用は受ける。そして、宅建業者は、業務に関し取引の関係者に損害を与えたとき、または損害を与えるおそれが大であるときは、指示処分を受けることがある。
SECT015,Q2190,監督処分・罰則,宅地建物取引業者A(甲県知事免許)が、乙県内で行う建物の売買に関し、取引の関係者に損害を与えるおそれが大であるときは、Aは、甲県知事から指示処分を受けることはあるが、乙県知事から指示処分を受けることはない。,正しい,正しくない,-,-,-,2,正しくない,宅建業者は、業務に関し取引の関係者に損害を与えたとき、またはお与えるおそれが大であるときは、指示処分を受けることがある。そして、指示処分は、免許権者のほか、宅建業者が処分対象行為を行った都道府県の都道府県知事も行うことができる。従って、「乙県知事から指示処分を受けることはない」とする本問は誤り。
SECT015,Q2200,監督処分・罰則,宅地建物取引業者A(甲県知事免許)が宅地建物取引業法の規定に違反したとして甲県知事から指示処分を受け、その指示に従わなかった場合、甲県知事は、Aの免許を取消さなければならない。,正しい,正しくない,-,-,-,2,正しくない,指示処分に違反したことは、業務停止処分(情状が特に重いときは免許取消処分)の対象である。本問の場合、情状が特に重いかどうかはわからな いので、「Aの免許を取り消さなければならない」とする本間は誤り。
SECT015,Q2210,監督処分・罰則,宅地建物取引業者A(甲県知事免許)が、乙県の区域内の業務に関し乙県知事から受けた業務停止の処分に違反した場合でも、乙県知事は、Aの免許を取り消すことはできない。,正しい,正しくない,-,-,-,1,正しい,業務停止処分に違反 した場合、免許取消処分の対象になるが、免許取消処分をすることができるのは免許権者だけである。Aは甲県知事の免許を受けているので、乙県知事はAの免許を取り消すことはできない。
SECT015,Q2220,監督処分・罰則,国土交通大臣又は都道府県知事は、宅地建物取引業者に対して必要な指示をしようとするときは、行政手続法に規定する弁明の機会を付与しなければならない。,正しい,正しくない,-,-,-,2,正しくない,国土交通大臣または都道府県知事は、指示処分、業務停止処分、免許取消処分(宅建業者の事務所の所在地を確知できないことを理由とするとき等 を除く)を しようとするときは、公開による聴聞を行わなければならない。「弁明の機会を付与」するのではない。
SECT015,Q2230,監督処分・罰則,"国土交通大臣は、宅地建物取引業者C社(国土交通大臣免許)が宅地建物取引業法第37条に規定する書面の交付をしていなかったことを理由に、C社に対して業務停止処分をしようとするときは、あらかじめ、内閣総理大
臣に協議しなければならない。",正しい,正しくない,-,-,-,1,正しい,国土苦痛大臣は、重要事項の説明義務、37条書面の交付義務等の一定の規定に違反したことを理由に監督署分をしようとするときは、あらかじめ、内閣総理大臣に協議しなければならない。
SECT015,Q2240,監督処分・罰則,甲県知事は、宅地建物取引業者B(国土交通大臣免許)に対し、甲県の区域内における業務に関し取引の関係者に損害を与えたことを理由として指示処分をしたときは、その旨を甲県の公報により公告しなければならない。,正しい,正しくない,-,-,-,2,正しくない,指示処分をした場合には、その旨を広告をする必要はない。なお、業務停止処分、免許取消処分(所在を確知できないことを理由とする場合を除く)をした場合には、国土交通大臣にあっては官報により、都道府県知事にあっては公報により、その旨を公告しなければならない。
SECT015,Q2250,監督処分・罰則,"都道府県知事は、その登録を受けている取引主任者が、他人に自己の名義の使用を許し、その他人がその名義を使用して取引主任者である旨の表示をしたとき、当該取
引主任者に対し、必要な指示をすることができる。",正しい,正しくない,-,-,-,1,正しい,土地引き主任者が他人に自己の名義の使用を許し、その他人がその名義を使用して取引主任者である旨の表示をしたときは、指示処分の対象になる。
SECT015,Q2260,監督処分・罰則,甲県知事は、乙県知事の登録を受けている取引主任者に対し、甲県の区域内において取引主任者として行う事務に関し不正な行為をしたことを理由として指示処分をしようとするときは、あらかじめ、乙県知事に協議しなければならない。,正しい,正しくない,-,-,-,2,正しくない,登果 をした都道府県知事以外の都道府県知事が指不処分・事務禁止処分をしたときは、遅滞なく、その旨を登録をした都道府県知事に通知しなければならないが、本問のようにあらかじめ協議しなければならない旨の規定はない。
SECT016,Q2270,特定中額化し担保責任の履行の確保に関する法律,宅地建物取引業者は、自ら売主として宅地建物取引業者である買主との間で新築住宅の売買契約を締結し、当該住宅を引き渡す場合、資力確保措置を講ずる義務を負う。,正しい,正しくない,-,-,-,2,正しくない,資力確保措置を講ずる義務を負うのは、宅建業者が自ら売主として宅建業者でない買主との間で新築住宅の売買契約を締結し、引き渡す場合である。したがって、買主も宅建業者である倍には資力確保措置を講ずる義務は負わない。
SECT016,Q2280,特定中額化し担保責任の履行の確保に関する法律,新築住宅を自ら売主として販売する宅地建物取引業者が、住宅販売瑕疵担保保証金の供託をした場合、買主に対する当該保証金の供託をしている供託所の所在地等について記載した書面の交付及び説明は、当該住宅の売買契約を締結した日から引渡しまでに行わなければならない。,正しい,正しくない,-,-,-,2,正しくない,住宅販売瑕疵担保保証金の供託をしている供託所の所在地等の説明は、売買契約を締結するまでに、説明事項を記載した書面を交付して行わなければならない。「売買契約を締結した日から引渡までに」ではない。
SECT016,Q2290,特定中額化し担保責任の履行の確保に関する法律,自ら売主として新築住宅を宅地建物取引業者でない買主に引き渡した宅地建物取引業者は、当該住宅を引き渡した日から3週間以内に、その住宅に関する資力確保措置の状況について、その免許を受けた国土交通大臣又は都道府県知事に届け出なければならない。,正しい,正しくない,-,-,-,2,正しくない,自ら売主として新築住宅を宅建業者でない買主に引き渡した宅建業者は、基準日ごとに、当該基準日に係る資力確保措置の状況について、基準日から3週間以内に、その免許を受けた国土交通大臣または都道府県知事に届け出なければならない。「引き渡した日から」ではない。
SECT016,Q2300,特定中額化し担保責任の履行の確保に関する法律,自ら売主として新築住宅を宅地建物取引業者でない買主に引き渡した宅地建物取引業者は、基準日に係る資力確保措置の状況の届出をしなければ、当該基準日以後、新らに自ら売主となる新築住宅の売買契約を締結することができない。,正しい,正しくない,-,-,-,2,正しくない,宅建業者は、住宅販売瑕疵担保保証金の供託や届出をしなければ、基準日の翌日から起算して50日を経過した日以後においては、原則として、新たに自ら売主となる新築住宅の売買契約を締結してはならない。従って、「基準日以後」とする本問は誤り。
[EOF],,,,,,,,,,,